date,station,actual
3/1/2023,1,31.0
3/2/2023,1,30.5
3/3/2023,1,32.3
3/4/2023,1,30.4
3/5/2023,1,31.1
3/6/2023,1,32.3
3/7/2023,1,34.3
3/8/2023,1,33.2
3/9/2023,1,32.6
3/10/2023,1,30.2
3/11/2023,1,33.3
3/12/2023,1,30.4
3/13/2023,1,34.1
3/14/2023,1,35.6
3/15/2023,1,35.7
3/16/2023,1,33.9
3/17/2023,1,36.6
3/18/2023,1,34.3
3/19/2023,1,35.1
3/20/2023,1,37.4
3/21/2023,1,40.8
3/22/2023,1,40.6
3/23/2023,1,38.9
3/24/2023,1,39.0
3/25/2023,1,36.5
3/26/2023,1,38.1
3/27/2023,1,36.2
3/28/2023,1,35.1
3/29/2023,1,39.0
3/30/2023,1,39.1
3/31/2023,1,40.8
4/1/2023,1,37.7
4/2/2023,1,38.9
4/3/2023,1,36.0
4/4/2023,1,34.2
4/5/2023,1,37.9
4/6/2023,1,40.9
4/7/2023,1,36.4
4/8/2023,1,34.3
4/9/2023,1,36.1
4/10/2023,1,35.4
4/11/2023,1,29.9
4/12/2023,1,30.1
4/13/2023,1,36.0
4/14/2023,1,39.6
4/15/2023,1,40.4
4/16/2023,1,44.1
4/17/2023,1,39.1
4/18/2023,1,42.7
4/19/2023,1,41.1
4/20/2023,1,41.8
4/21/2023,1,42.9
4/22/2023,1,42.6
4/23/2023,1,39.6
4/24/2023,1,38.7
4/25/2023,1,38.4
4/26/2023,1,38.7
4/27/2023,1,39.8
4/28/2023,1,41.9
4/29/2023,1,41.6
4/30/2023,1,42.0
5/1/2023,1,40.3
5/2/2023,1,37.3
5/3/2023,1,35.5
5/4/2023,1,38.7
5/5/2023,1,41.7
5/6/2023,1,41.0
5/7/2023,1,46.3
5/8/2023,1,45.6
5/9/2023,1,44.7
5/10/2023,1,40.9
5/11/2023,1,42.3
5/12/2023,1,41.6
5/13/2023,1,39.7
5/14/2023,1,42.6
5/15/2023,1,43.0
5/16/2023,1,45.0
5/17/2023,1,43.5
5/18/2023,1,44.5
5/19/2023,1,35.0
5/20/2023,1,41.5
5/21/2023,1,43.1
5/22/2023,1,42.6
5/23/2023,1,43.1
5/24/2023,1,45.8
5/25/2023,1,42.4
5/26/2023,1,43.8
5/27/2023,1,41.3
5/28/2023,1,41.2
5/29/2023,1,37.6
5/30/2023,1,38.6
5/31/2023,1,40.8
3/1/2023,2,23.8
3/2/2023,2,22.1
3/3/2023,2,23.0
3/4/2023,2,21.8
3/5/2023,2,24.0
3/6/2023,2,24.4
3/7/2023,2,23.1
3/8/2023,2,21.1
3/9/2023,2,23.5
3/10/2023,2,21.1
3/11/2023,2,20.5
3/12/2023,2,21.8
3/13/2023,2,24.0
3/14/2023,2,25.0
3/15/2023,2,24.4
3/16/2023,2,26.0
3/17/2023,2,24.8
3/18/2023,2,22.9
3/19/2023,2,25.9
3/20/2023,2,26.4
3/21/2023,2,28.7
3/22/2023,2,28.7
3/23/2023,2,26.7
3/24/2023,2,26.8
3/25/2023,2,24.1
3/26/2023,2,27.2
3/27/2023,2,26.8
3/28/2023,2,23.3
3/29/2023,2,23.7
3/30/2023,2,25.9
3/31/2023,2,26.1
4/1/2023,2,26.2
4/2/2023,2,24.2
4/3/2023,2,23.4
4/4/2023,2,24.0
4/5/2023,2,21.0
4/6/2023,2,24.9
4/7/2023,2,24.3
4/8/2023,2,22.8
4/9/2023,2,24.3
4/10/2023,2,24.4
4/11/2023,2,25.2
4/12/2023,2,25.8
4/13/2023,2,21.2
4/14/2023,2,23.5
4/15/2023,2,23.9
4/16/2023,2,24.9
4/17/2023,2,25.9
4/18/2023,2,27.7
4/19/2023,2,28.5
4/20/2023,2,27.0
4/21/2023,2,27.0
4/22/2023,2,23.1
4/23/2023,2,25.0
4/24/2023,2,23.9
4/25/2023,2,24.8
4/26/2023,2,26.5
4/27/2023,2,25.8
4/28/2023,2,27.8
4/29/2023,2,27.8
4/30/2023,2,27.4
5/1/2023,2,25.8
5/2/2023,2,27.0
5/3/2023,2,25.5
5/4/2023,2,23.8
5/5/2023,2,28.2
5/6/2023,2,27.0
5/7/2023,2,24.6
5/8/2023,2,26.2
5/9/2023,2,24.3
5/10/2023,2,24.9
5/11/2023,2,25.1
5/12/2023,2,24.4
5/13/2023,2,25.0
5/14/2023,2,24.7
5/15/2023,2,20.9
5/16/2023,2,23.1
5/17/2023,2,24.5
5/18/2023,2,20.4
5/19/2023,2,21.6
5/20/2023,2,25.2
5/21/2023,2,19.2
5/22/2023,2,23.1
5/23/2023,2,24.3
5/24/2023,2,23.5
5/25/2023,2,22.9
5/26/2023,2,20.3
5/27/2023,2,26.6
5/28/2023,2,21.4
5/29/2023,2,16.6
5/30/2023,2,14.7
5/31/2023,2,16.5
3/1/2023,3,30.3
3/2/2023,3,30.1
3/3/2023,3,29.9
3/4/2023,3,29.6
3/5/2023,3,32.3
3/6/2023,3,32.3
3/7/2023,3,32.9
3/8/2023,3,32.1
3/9/2023,3,29.4
3/10/2023,3,31.0
3/11/2023,3,33.4
3/12/2023,3,27.8
3/13/2023,3,31.6
3/14/2023,3,35.3
3/15/2023,3,35.8
3/16/2023,3,32.0
3/17/2023,3,36.0
3/18/2023,3,32.4
3/19/2023,3,34.5
3/20/2023,3,34.5
3/21/2023,3,35.7
3/22/2023,3,39.7
3/23/2023,3,37.7
3/24/2023,3,36.8
3/25/2023,3,37.1
3/26/2023,3,37.3
3/27/2023,3,34.8
3/28/2023,3,36.6
3/29/2023,3,38.2
3/30/2023,3,39.7
3/31/2023,3,36.0
4/1/2023,3,39.7
4/2/2023,3,34.7
4/3/2023,3,28.5
4/4/2023,3,33.0
4/5/2023,3,36.5
4/6/2023,3,37.4
4/7/2023,3,35.5
4/8/2023,3,34.3
4/9/2023,3,34.8
4/10/2023,3,34.3
4/11/2023,3,34.0
4/12/2023,3,31.6
4/13/2023,3,36.4
4/14/2023,3,38.6
4/15/2023,3,38.8
4/16/2023,3,36.2
4/17/2023,3,40.1
4/18/2023,3,40.9
4/19/2023,3,39.9
4/20/2023,3,43.5
4/21/2023,3,38.7
4/22/2023,3,37.4
4/23/2023,3,36.9
4/24/2023,3,36.0
4/25/2023,3,37.7
4/26/2023,3,35.3
4/27/2023,3,38.6
4/28/2023,3,38.2
4/29/2023,3,41.9
4/30/2023,3,39.2
5/1/2023,3,39.7
5/2/2023,3,39.2
5/3/2023,3,38.9
5/4/2023,3,37.1
5/5/2023,3,38.5
5/6/2023,3,40.1
5/7/2023,3,44.0
5/8/2023,3,40.6
5/9/2023,3,37.3
5/10/2023,3,33.2
5/11/2023,3,34.2
5/12/2023,3,39.2
5/13/2023,3,33.6
5/14/2023,3,37.7
5/15/2023,3,40.9
5/16/2023,3,43.1
5/17/2023,3,45.3
5/18/2023,3,42.0
5/19/2023,3,40.9
5/20/2023,3,41.9
5/21/2023,3,43.9
5/22/2023,3,42.6
5/23/2023,3,36.8
5/24/2023,3,39.5
5/25/2023,3,38.9
5/26/2023,3,37.7
5/27/2023,3,39.4
5/28/2023,3,40.6
5/29/2023,3,37.9
5/30/2023,3,36.1
5/31/2023,3,38.5
3/1/2023,4,22.8
3/2/2023,4,22.9
3/3/2023,4,23.7
3/4/2023,4,23.2
3/5/2023,4,24.2
3/6/2023,4,24.7
3/7/2023,4,24.5
3/8/2023,4,25.3
3/9/2023,4,25.0
3/10/2023,4,25.1
3/11/2023,4,24.6
3/12/2023,4,20.3
3/13/2023,4,22.5
3/14/2023,4,24.4
3/15/2023,4,24.1
3/16/2023,4,23.9
3/17/2023,4,24.9
3/18/2023,4,24.3
3/19/2023,4,29.0
3/20/2023,4,29.0
3/21/2023,4,31.2
3/22/2023,4,32.1
3/23/2023,4,32.7
3/24/2023,4,29.1
3/25/2023,4,31.8
3/26/2023,4,22.6
3/27/2023,4,25.0
3/28/2023,4,27.2
3/29/2023,4,31.6
3/30/2023,4,28.7
3/31/2023,4,28.0
4/1/2023,4,27.4
4/2/2023,4,25.3
4/3/2023,4,26.6
4/4/2023,4,28.9
4/5/2023,4,29.7
4/6/2023,4,31.6
4/7/2023,4,22.2
4/8/2023,4,23.4
4/9/2023,4,25.3
4/10/2023,4,26.2
4/11/2023,4,29.0
4/12/2023,4,27.0
4/13/2023,4,30.9
4/14/2023,4,33.0
4/15/2023,4,29.3
4/16/2023,4,29.3
4/17/2023,4,31.6
4/18/2023,4,34.6
4/19/2023,4,34.1
4/20/2023,4,33.0
4/21/2023,4,28.0
4/22/2023,4,27.6
4/23/2023,4,28.0
4/24/2023,4,27.7
4/25/2023,4,27.4
4/26/2023,4,28.3
4/27/2023,4,30.5
4/28/2023,4,34.0
4/29/2023,4,33.7
4/30/2023,4,26.1
5/1/2023,4,30.3
5/2/2023,4,31.6
5/3/2023,4,32.2
5/4/2023,4,34.1
5/5/2023,4,35.3
5/6/2023,4,38.3
5/7/2023,4,32.1
5/8/2023,4,26.9
5/9/2023,4,25.7
5/10/2023,4,29.2
5/11/2023,4,27.6
5/12/2023,4,29.1
5/13/2023,4,35.5
5/14/2023,4,23.2
5/15/2023,4,26.1
5/16/2023,4,37.4
5/17/2023,4,37.1
5/18/2023,4,37.2
5/19/2023,4,36.5
5/20/2023,4,38.5
5/21/2023,4,38.3
5/22/2023,4,32.8
5/23/2023,4,31.8
5/24/2023,4,35.4
5/25/2023,4,30.8
5/26/2023,4,32.1
5/27/2023,4,32.0
5/28/2023,4,30.6
5/29/2023,4,29.2
5/30/2023,4,31.2
5/31/2023,4,32.7
3/1/2023,5,30.3
3/2/2023,5,30.7
3/3/2023,5,31.8
3/4/2023,5,30.0
3/5/2023,5,33.0
3/6/2023,5,33.7
3/7/2023,5,34.0
3/8/2023,5,32.5
3/9/2023,5,33.8
3/10/2023,5,30.8
3/11/2023,5,30.3
3/12/2023,5,31.9
3/13/2023,5,31.9
3/14/2023,5,33.4
3/15/2023,5,34.1
3/16/2023,5,33.5
3/17/2023,5,32.0
3/18/2023,5,32.9
3/19/2023,5,32.7
3/20/2023,5,31.8
3/21/2023,5,34.1
3/22/2023,5,34.8
3/23/2023,5,37.1
3/24/2023,5,37.7
3/25/2023,5,38.0
3/26/2023,5,37.7
3/27/2023,5,35.5
3/28/2023,5,35.7
3/29/2023,5,35.0
3/30/2023,5,36.9
3/31/2023,5,37.7
4/1/2023,5,38.5
4/2/2023,5,36.8
4/3/2023,5,35.5
4/4/2023,5,35.0
4/5/2023,5,35.0
4/6/2023,5,36.0
4/7/2023,5,36.8
4/8/2023,5,32.6
4/9/2023,5,36.1
4/10/2023,5,34.8
4/11/2023,5,28.8
4/12/2023,5,31.6
4/13/2023,5,36.0
4/14/2023,5,38.3
4/15/2023,5,39.3
4/16/2023,5,39.6
4/17/2023,5,39.6
4/18/2023,5,39.5
4/19/2023,5,39.1
4/20/2023,5,40.6
4/21/2023,5,39.6
4/22/2023,5,40.1
4/23/2023,5,39.4
4/24/2023,5,36.7
4/25/2023,5,37.4
4/26/2023,5,38.5
4/27/2023,5,38.9
4/28/2023,5,39.4
4/29/2023,5,40.3
4/30/2023,5,40.3
5/1/2023,5,40.3
5/2/2023,5,38.3
5/3/2023,5,39.1
5/4/2023,5,36.9
5/5/2023,5,40.6
5/6/2023,5,41.5
5/7/2023,5,42.9
5/8/2023,5,42.4
5/9/2023,5,40.8
5/10/2023,5,40.9
5/11/2023,5,39.7
5/12/2023,5,39.8
5/13/2023,5,41.2
5/14/2023,5,41.2
5/15/2023,5,42.8
5/16/2023,5,43.6
5/17/2023,5,47.3
5/18/2023,5,45.2
5/19/2023,5,38.3
5/20/2023,5,40.8
5/21/2023,5,41.2
5/22/2023,5,43.9
5/23/2023,5,41.7
5/24/2023,5,41.2
5/25/2023,5,41.9
5/26/2023,5,38.5
5/27/2023,5,43.5
5/28/2023,5,42.2
5/29/2023,5,36.0
5/30/2023,5,36.4
5/31/2023,5,40.4
3/1/2023,6,33.0
3/2/2023,6,30.1
3/3/2023,6,31.9
3/4/2023,6,31.4
3/5/2023,6,31.1
3/6/2023,6,32.2
3/7/2023,6,33.2
3/8/2023,6,33.9
3/9/2023,6,32.2
3/10/2023,6,31.8
3/11/2023,6,32.3
3/12/2023,6,32.2
3/13/2023,6,33.4
3/14/2023,6,34.3
3/15/2023,6,34.7
3/16/2023,6,36.6
3/17/2023,6,36.4
3/18/2023,6,34.4
3/19/2023,6,35.1
3/20/2023,6,37.4
3/21/2023,6,36.0
3/22/2023,6,38.0
3/23/2023,6,39.2
3/24/2023,6,36.9
3/25/2023,6,39.4
3/26/2023,6,37.7
3/27/2023,6,37.8
3/28/2023,6,35.5
3/29/2023,6,39.2
3/30/2023,6,38.5
3/31/2023,6,38.1
4/1/2023,6,39.2
4/2/2023,6,38.0
4/3/2023,6,36.9
4/4/2023,6,35.7
4/5/2023,6,37.0
4/6/2023,6,39.0
4/7/2023,6,36.8
4/8/2023,6,36.5
4/9/2023,6,36.1
4/10/2023,6,37.4
4/11/2023,6,36.6
4/12/2023,6,36.0
4/13/2023,6,35.4
4/14/2023,6,37.2
4/15/2023,6,39.2
4/16/2023,6,40.5
4/17/2023,6,40.7
4/18/2023,6,39.6
4/19/2023,6,38.5
4/20/2023,6,41.3
4/21/2023,6,41.7
4/22/2023,6,40.1
4/23/2023,6,40.2
4/24/2023,6,39.5
4/25/2023,6,38.5
4/26/2023,6,39.3
4/27/2023,6,38.8
4/28/2023,6,40.8
4/29/2023,6,42.7
4/30/2023,6,42.3
5/1/2023,6,38.5
5/2/2023,6,37.6
5/3/2023,6,36.8
5/4/2023,6,39.2
5/5/2023,6,40.1
5/6/2023,6,40.1
5/7/2023,6,42.4
5/8/2023,6,41.4
5/9/2023,6,42.3
5/10/2023,6,43.3
5/11/2023,6,38.4
5/12/2023,6,39.7
5/13/2023,6,38.4
5/14/2023,6,43.2
5/15/2023,6,39.8
5/16/2023,6,40.2
5/17/2023,6,42.7
5/18/2023,6,41.6
5/19/2023,6,39.0
5/20/2023,6,42.3
5/21/2023,6,41.4
5/22/2023,6,41.1
5/23/2023,6,41.7
5/24/2023,6,42.0
5/25/2023,6,41.1
5/26/2023,6,38.8
5/27/2023,6,41.9
5/28/2023,6,45.4
5/29/2023,6,39.0
5/30/2023,6,41.1
5/31/2023,6,41.0
3/1/2023,7,29.2
3/2/2023,7,28.9
3/3/2023,7,29.3
3/4/2023,7,26.9
3/5/2023,7,28.4
3/6/2023,7,28.3
3/7/2023,7,32.3
3/8/2023,7,31.4
3/9/2023,7,30.8
3/10/2023,7,30.8
3/11/2023,7,31.1
3/12/2023,7,31.4
3/13/2023,7,31.3
3/14/2023,7,33.3
3/15/2023,7,33.9
3/16/2023,7,29.9
3/17/2023,7,33.6
3/18/2023,7,31.7
3/19/2023,7,31.5
3/20/2023,7,32.4
3/21/2023,7,36.2
3/22/2023,7,35.5
3/23/2023,7,36.4
3/24/2023,7,36.8
3/25/2023,7,35.8
3/26/2023,7,35.5
3/27/2023,7,35.8
3/28/2023,7,34.8
3/29/2023,7,36.0
3/30/2023,7,37.1
3/31/2023,7,36.3
4/1/2023,7,35.4
4/2/2023,7,34.6
4/3/2023,7,32.1
4/4/2023,7,32.1
4/5/2023,7,32.9
4/6/2023,7,33.0
4/7/2023,7,34.1
4/8/2023,7,34.6
4/9/2023,7,34.6
4/10/2023,7,31.0
4/11/2023,7,30.4
4/12/2023,7,34.3
4/13/2023,7,37.4
4/14/2023,7,39.4
4/15/2023,7,38.9
4/16/2023,7,37.1
4/17/2023,7,39.2
4/18/2023,7,38.0
4/19/2023,7,40.1
4/20/2023,7,40.1
4/21/2023,7,39.8
4/22/2023,7,40.4
4/23/2023,7,37.1
4/24/2023,7,36.1
4/25/2023,7,37.4
4/26/2023,7,37.3
4/27/2023,7,39.6
4/28/2023,7,40.8
4/29/2023,7,40.2
4/30/2023,7,41.3
5/1/2023,7,41.4
5/2/2023,7,32.2
5/3/2023,7,38.9
5/4/2023,7,39.6
5/5/2023,7,40.8
5/6/2023,7,42.7
5/7/2023,7,43.1
5/8/2023,7,40.0
5/9/2023,7,41.0
5/10/2023,7,39.6
5/11/2023,7,39.4
5/12/2023,7,37.3
5/13/2023,7,39.6
5/14/2023,7,38.5
5/15/2023,7,45.7
5/16/2023,7,40.2
5/17/2023,7,41.7
5/18/2023,7,42.1
5/19/2023,7,38.9
5/20/2023,7,41.0
5/21/2023,7,40.4
5/22/2023,7,43.2
5/23/2023,7,42.4
5/24/2023,7,41.0
5/25/2023,7,39.8
5/26/2023,7,38.2
5/27/2023,7,40.3
5/28/2023,7,43.3
5/29/2023,7,38.7
5/30/2023,7,39.7
5/31/2023,7,45.0
3/1/2023,8,36.5
3/2/2023,8,32.8
3/3/2023,8,33.1
3/4/2023,8,32.6
3/5/2023,8,33.7
3/6/2023,8,34.3
3/7/2023,8,33.8
3/8/2023,8,34.3
3/9/2023,8,36.6
3/10/2023,8,35.3
3/11/2023,8,34.1
3/12/2023,8,34.7
3/13/2023,8,34.0
3/14/2023,8,35.3
3/15/2023,8,38.2
3/16/2023,8,37.3
3/17/2023,8,37.7
3/18/2023,8,37.3
3/19/2023,8,37.5
3/20/2023,8,37.9
3/21/2023,8,40.5
3/22/2023,8,38.7
3/23/2023,8,40.0
3/24/2023,8,41.1
3/25/2023,8,41.6
3/26/2023,8,40.1
3/27/2023,8,39.0
3/28/2023,8,42.1
3/29/2023,8,35.9
3/30/2023,8,41.6
3/31/2023,8,41.1
4/1/2023,8,38.7
4/2/2023,8,39.3
4/3/2023,8,40.7
4/4/2023,8,37.6
4/5/2023,8,39.5
4/6/2023,8,36.7
4/7/2023,8,38.3
4/8/2023,8,37.6
4/9/2023,8,37.9
4/10/2023,8,39.8
4/11/2023,8,39.6
4/12/2023,8,39.4
4/13/2023,8,38.7
4/14/2023,8,40.1
4/15/2023,8,37.4
4/16/2023,8,43.5
4/17/2023,8,40.1
4/18/2023,8,45.6
4/19/2023,8,43.3
4/20/2023,8,42.6
4/21/2023,8,43.2
4/22/2023,8,42.6
4/23/2023,8,43.3
4/24/2023,8,39.8
4/25/2023,8,43.5
4/26/2023,8,42.3
4/27/2023,8,41.5
4/28/2023,8,40.8
4/29/2023,8,43.6
4/30/2023,8,44.4
5/1/2023,8,43.7
5/2/2023,8,42.8
5/3/2023,8,43.3
5/4/2023,8,42.5
5/5/2023,8,42.3
5/6/2023,8,45.8
5/7/2023,8,42.4
5/8/2023,8,43.4
5/9/2023,8,44.2
5/10/2023,8,43.3
5/11/2023,8,44.4
5/12/2023,8,43.0
5/13/2023,8,42.5
5/14/2023,8,42.5
5/15/2023,8,42.5
5/16/2023,8,42.8
5/17/2023,8,42.0
5/18/2023,8,40.4
5/19/2023,8,40.4
5/20/2023,8,42.5
5/21/2023,8,43.4
5/22/2023,8,42.3
5/23/2023,8,42.6
5/24/2023,8,42.2
5/25/2023,8,44.5
5/26/2023,8,41.2
5/27/2023,8,39.6
5/28/2023,8,41.0
5/29/2023,8,45.4
5/30/2023,8,40.5
5/31/2023,8,46.9
3/1/2023,9,32.8
3/2/2023,9,32.7
3/3/2023,9,34.6
3/4/2023,9,32.3
3/5/2023,9,31.2
3/6/2023,9,32.3
3/7/2023,9,32.7
3/8/2023,9,32.8
3/9/2023,9,33.0
3/10/2023,9,32.7
3/11/2023,9,32.6
3/12/2023,9,32.4
3/13/2023,9,32.6
3/14/2023,9,33.7
3/15/2023,9,35.4
3/16/2023,9,34.1
3/17/2023,9,36.0
3/18/2023,9,35.2
3/19/2023,9,34.4
3/20/2023,9,36.3
3/21/2023,9,35.1
3/22/2023,9,36.2
3/23/2023,9,37.1
3/24/2023,9,41.2
3/25/2023,9,39.1
3/26/2023,9,39.1
3/27/2023,9,38.9
3/28/2023,9,36.7
3/29/2023,9,37.9
3/30/2023,9,38.9
3/31/2023,9,37.5
4/1/2023,9,38.8
4/2/2023,9,37.4
4/3/2023,9,37.2
4/4/2023,9,37.1
4/5/2023,9,38.3
4/6/2023,9,37.1
4/7/2023,9,35.8
4/8/2023,9,38.6
4/9/2023,9,35.0
4/10/2023,9,36.4
4/11/2023,9,36.2
4/12/2023,9,35.0
4/13/2023,9,33.4
4/14/2023,9,35.6
4/15/2023,9,40.2
4/16/2023,9,40.1
4/17/2023,9,39.4
4/18/2023,9,38.7
4/19/2023,9,39.2
4/20/2023,9,42.5
4/21/2023,9,42.3
4/22/2023,9,41.5
4/23/2023,9,40.4
4/24/2023,9,38.0
4/25/2023,9,39.5
4/26/2023,9,39.8
4/27/2023,9,40.8
4/28/2023,9,40.6
4/29/2023,9,41.9
4/30/2023,9,41.9
5/1/2023,9,40.7
5/2/2023,9,40.5
5/3/2023,9,40.2
5/4/2023,9,42.1
5/5/2023,9,43.1
5/6/2023,9,41.7
5/7/2023,9,41.4
5/8/2023,9,42.0
5/9/2023,9,40.4
5/10/2023,9,42.9
5/11/2023,9,41.6
5/12/2023,9,42.2
5/13/2023,9,40.4
5/14/2023,9,43.3
5/15/2023,9,40.2
5/16/2023,9,44.2
5/17/2023,9,40.3
5/18/2023,9,41.3
5/19/2023,9,41.3
5/20/2023,9,41.9
5/21/2023,9,40.3
5/22/2023,9,40.4
5/23/2023,9,42.2
5/24/2023,9,42.7
5/25/2023,9,39.8
5/26/2023,9,42.7
5/27/2023,9,43.3
5/28/2023,9,43.1
5/29/2023,9,42.4
5/30/2023,9,47.3
5/31/2023,9,41.0
3/1/2023,10,28.3
3/2/2023,10,29.5
3/3/2023,10,30.4
3/4/2023,10,28.3
3/5/2023,10,29.7
3/6/2023,10,29.9
3/7/2023,10,29.9
3/8/2023,10,31.0
3/9/2023,10,26.4
3/10/2023,10,27.8
3/11/2023,10,30.3
3/12/2023,10,27.3
3/13/2023,10,30.3
3/14/2023,10,31.9
3/15/2023,10,31.6
3/16/2023,10,28.8
3/17/2023,10,31.9
3/18/2023,10,33.9
3/19/2023,10,34.8
3/20/2023,10,33.8
3/21/2023,10,34.0
3/22/2023,10,37.9
3/23/2023,10,36.3
3/24/2023,10,37.7
3/25/2023,10,36.9
3/26/2023,10,36.5
3/27/2023,10,37.1
3/28/2023,10,36.0
3/29/2023,10,35.6
3/30/2023,10,35.2
3/31/2023,10,36.3
4/1/2023,10,38.0
4/2/2023,10,33.6
4/3/2023,10,33.7
4/4/2023,10,31.4
4/5/2023,10,34.6
4/6/2023,10,34.8
4/7/2023,10,35.0
4/8/2023,10,30.9
4/9/2023,10,34.8
4/10/2023,10,33.8
4/11/2023,10,30.5
4/12/2023,10,30.7
4/13/2023,10,36.7
4/14/2023,10,39.7
4/15/2023,10,38.2
4/16/2023,10,36.4
4/17/2023,10,37.1
4/18/2023,10,38.3
4/19/2023,10,40.4
4/20/2023,10,40.9
4/21/2023,10,41.3
4/22/2023,10,38.9
4/23/2023,10,36.1
4/24/2023,10,36.0
4/25/2023,10,36.4
4/26/2023,10,36.0
4/27/2023,10,40.1
4/28/2023,10,35.3
4/29/2023,10,39.6
4/30/2023,10,40.9
5/1/2023,10,39.6
5/2/2023,10,38.6
5/3/2023,10,36.9
5/4/2023,10,39.7
5/5/2023,10,38.9
5/6/2023,10,43.4
5/7/2023,10,41.7
5/8/2023,10,39.8
5/9/2023,10,35.3
5/10/2023,10,33.8
5/11/2023,10,36.6
5/12/2023,10,37.1
5/13/2023,10,39.2
5/14/2023,10,39.6
5/15/2023,10,44.6
5/16/2023,10,41.7
5/17/2023,10,43.5
5/18/2023,10,43.4
5/19/2023,10,39.6
5/20/2023,10,39.8
5/21/2023,10,45.6
5/22/2023,10,41.6
5/23/2023,10,40.9
5/24/2023,10,40.6
5/25/2023,10,41.9
5/26/2023,10,39.7
5/27/2023,10,40.3
5/28/2023,10,46.0
5/29/2023,10,43.6
5/30/2023,10,40.8
5/31/2023,10,42.0
3/1/2023,11,33.7
3/2/2023,11,32.0
3/3/2023,11,31.2
3/4/2023,11,30.8
3/5/2023,11,30.4
3/6/2023,11,29.9
3/7/2023,11,31.3
3/8/2023,11,30.9
3/9/2023,11,33.7
3/10/2023,11,31.5
3/11/2023,11,31.9
3/12/2023,11,31.9
3/13/2023,11,32.8
3/14/2023,11,32.3
3/15/2023,11,35.9
3/16/2023,11,35.3
3/17/2023,11,34.6
3/18/2023,11,36.4
3/19/2023,11,34.8
3/20/2023,11,33.3
3/21/2023,11,34.5
3/22/2023,11,36.4
3/23/2023,11,38.4
3/24/2023,11,38.7
3/25/2023,11,37.8
3/26/2023,11,36.1
3/27/2023,11,36.9
3/28/2023,11,38.8
3/29/2023,11,37.8
3/30/2023,11,38.0
3/31/2023,11,38.2
4/1/2023,11,34.8
4/2/2023,11,35.8
4/3/2023,11,36.6
4/4/2023,11,36.1
4/5/2023,11,38.3
4/6/2023,11,34.6
4/7/2023,11,36.8
4/8/2023,11,36.4
4/9/2023,11,34.4
4/10/2023,11,34.4
4/11/2023,11,39.1
4/12/2023,11,41.0
4/13/2023,11,41.0
4/14/2023,11,39.4
4/15/2023,11,38.2
4/16/2023,11,40.7
4/17/2023,11,39.5
4/18/2023,11,40.2
4/19/2023,11,40.5
4/20/2023,11,39.8
4/21/2023,11,40.6
4/22/2023,11,37.7
4/23/2023,11,37.2
4/24/2023,11,36.1
4/25/2023,11,38.2
4/26/2023,11,38.0
4/27/2023,11,39.4
4/28/2023,11,41.6
4/29/2023,11,40.5
4/30/2023,11,43.3
5/1/2023,11,41.5
5/2/2023,11,40.4
5/3/2023,11,43.1
5/4/2023,11,40.8
5/5/2023,11,40.6
5/6/2023,11,41.5
5/7/2023,11,41.1
5/8/2023,11,40.8
5/9/2023,11,40.5
5/10/2023,11,39.6
5/11/2023,11,39.2
5/12/2023,11,41.2
5/13/2023,11,40.6
5/14/2023,11,41.9
5/15/2023,11,41.9
5/16/2023,11,40.5
5/17/2023,11,41.2
5/18/2023,11,42.6
5/19/2023,11,41.8
5/20/2023,11,42.5
5/21/2023,11,41.6
5/22/2023,11,43.5
5/23/2023,11,42.7
5/24/2023,11,43.9
5/25/2023,11,43.3
5/26/2023,11,40.1
5/27/2023,11,38.7
5/28/2023,11,41.2
5/29/2023,11,40.3
5/30/2023,11,39.8
5/31/2023,11,42.4
3/1/2023,12,31.0
3/2/2023,12,28.1
3/3/2023,12,33.9
3/4/2023,12,30.2
3/5/2023,12,33.2
3/6/2023,12,35.1
3/7/2023,12,33.9
3/8/2023,12,34.3
3/9/2023,12,32.3
3/10/2023,12,31.9
3/11/2023,12,34.3
3/12/2023,12,34.1
3/13/2023,12,32.8
3/14/2023,12,36.3
3/15/2023,12,34.2
3/16/2023,12,33.6
3/17/2023,12,36.3
3/18/2023,12,35.5
3/19/2023,12,32.6
3/20/2023,12,35.0
3/21/2023,12,38.0
3/22/2023,12,38.4
3/23/2023,12,39.7
3/24/2023,12,40.8
3/25/2023,12,37.1
3/26/2023,12,38.1
3/27/2023,12,38.2
3/28/2023,12,37.1
3/29/2023,12,36.5
3/30/2023,12,39.9
3/31/2023,12,40.4
4/1/2023,12,39.8
4/2/2023,12,37.8
4/3/2023,12,33.5
4/4/2023,12,32.9
4/5/2023,12,34.1
4/6/2023,12,36.0
4/7/2023,12,37.6
4/8/2023,12,36.5
4/9/2023,12,35.2
4/10/2023,12,31.3
4/11/2023,12,27.8
4/12/2023,12,35.8
4/13/2023,12,39.4
4/14/2023,12,42.8
4/15/2023,12,40.1
4/16/2023,12,38.2
4/17/2023,12,40.7
4/18/2023,12,40.5
4/19/2023,12,40.6
4/20/2023,12,43.3
4/21/2023,12,41.5
4/22/2023,12,45.6
4/23/2023,12,39.5
4/24/2023,12,41.7
4/25/2023,12,45.3
4/26/2023,12,36.4
4/27/2023,12,44.2
4/28/2023,12,38.8
4/29/2023,12,42.7
4/30/2023,12,42.1
5/1/2023,12,40.4
5/2/2023,12,28.7
5/3/2023,12,37.4
5/4/2023,12,41.9
5/5/2023,12,42.3
5/6/2023,12,42.4
5/7/2023,12,42.6
5/8/2023,12,43.2
5/9/2023,12,43.4
5/10/2023,12,41.0
5/11/2023,12,49.8
5/12/2023,12,40.7
5/13/2023,12,42.8
5/14/2023,12,40.0
5/15/2023,12,38.9
5/16/2023,12,41.9
5/17/2023,12,47.0
5/18/2023,12,40.5
5/19/2023,12,42.4
5/20/2023,12,42.9
5/21/2023,12,42.1
5/22/2023,12,45.4
5/23/2023,12,41.8
5/24/2023,12,41.0
5/25/2023,12,42.0
5/26/2023,12,41.4
5/27/2023,12,38.4
5/28/2023,12,41.1
5/29/2023,12,37.1
5/30/2023,12,35.6
5/31/2023,12,39.1
3/1/2023,13,31.9
3/2/2023,13,33.9
3/3/2023,13,31.9
3/4/2023,13,32.5
3/5/2023,13,32.4
3/6/2023,13,32.7
3/7/2023,13,33.8
3/8/2023,13,34.4
3/9/2023,13,31.2
3/10/2023,13,33.0
3/11/2023,13,33.0
3/12/2023,13,30.0
3/13/2023,13,34.0
3/14/2023,13,34.2
3/15/2023,13,35.7
3/16/2023,13,36.1
3/17/2023,13,37.0
3/18/2023,13,35.7
3/19/2023,13,34.7
3/20/2023,13,34.8
3/21/2023,13,37.1
3/22/2023,13,38.8
3/23/2023,13,40.3
3/24/2023,13,39.6
3/25/2023,13,38.8
3/26/2023,13,39.4
3/27/2023,13,39.9
3/28/2023,13,37.6
3/29/2023,13,38.2
3/30/2023,13,41.7
3/31/2023,13,40.1
4/1/2023,13,41.1
4/2/2023,13,38.0
4/3/2023,13,35.3
4/4/2023,13,35.1
4/5/2023,13,37.5
4/6/2023,13,37.2
4/7/2023,13,38.3
4/8/2023,13,35.8
4/9/2023,13,36.8
4/10/2023,13,37.3
4/11/2023,13,33.1
4/12/2023,13,31.8
4/13/2023,13,37.3
4/14/2023,13,38.4
4/15/2023,13,38.2
4/16/2023,13,40.1
4/17/2023,13,41.3
4/18/2023,13,40.5
4/19/2023,13,41.1
4/20/2023,13,41.5
4/21/2023,13,41.4
4/22/2023,13,41.7
4/23/2023,13,40.4
4/24/2023,13,38.4
4/25/2023,13,40.0
4/26/2023,13,41.5
4/27/2023,13,39.8
4/28/2023,13,41.1
4/29/2023,13,42.9
4/30/2023,13,43.5
5/1/2023,13,42.3
5/2/2023,13,39.8
5/3/2023,13,41.4
5/4/2023,13,42.8
5/5/2023,13,42.6
5/6/2023,13,41.7
5/7/2023,13,44.1
5/8/2023,13,43.8
5/9/2023,13,40.3
5/10/2023,13,41.7
5/11/2023,13,40.8
5/12/2023,13,41.9
5/13/2023,13,42.8
5/14/2023,13,42.3
5/15/2023,13,40.9
5/16/2023,13,42.2
5/17/2023,13,40.4
5/18/2023,13,40.9
5/19/2023,13,40.2
5/20/2023,13,40.6
5/21/2023,13,41.9
5/22/2023,13,41.9
5/23/2023,13,42.3
5/24/2023,13,42.2
5/25/2023,13,42.1
5/26/2023,13,41.0
5/27/2023,13,41.9
5/28/2023,13,44.2
5/29/2023,13,41.6
5/30/2023,13,43.8
5/31/2023,13,40.0
3/1/2023,14,31.9
3/2/2023,14,32.3
3/3/2023,14,31.1
3/4/2023,14,30.6
3/5/2023,14,30.5
3/6/2023,14,32.1
3/7/2023,14,33.4
3/8/2023,14,32.2
3/9/2023,14,30.6
3/10/2023,14,30.9
3/11/2023,14,31.4
3/12/2023,14,29.9
3/13/2023,14,31.9
3/14/2023,14,32.8
3/15/2023,14,33.2
3/16/2023,14,34.5
3/17/2023,14,36.8
3/18/2023,14,34.4
3/19/2023,14,33.6
3/20/2023,14,33.4
3/21/2023,14,35.9
3/22/2023,14,37.0
3/23/2023,14,38.5
3/24/2023,14,37.7
3/25/2023,14,36.1
3/26/2023,14,36.7
3/27/2023,14,36.0
3/28/2023,14,34.9
3/29/2023,14,35.9
3/30/2023,14,36.6
3/31/2023,14,36.5
4/1/2023,14,37.2
4/2/2023,14,36.7
4/3/2023,14,35.0
4/4/2023,14,34.0
4/5/2023,14,35.4
4/6/2023,14,35.4
4/7/2023,14,37.2
4/8/2023,14,37.7
4/9/2023,14,35.1
4/10/2023,14,35.2
4/11/2023,14,33.0
4/12/2023,14,31.3
4/13/2023,14,36.2
4/14/2023,14,36.8
4/15/2023,14,38.0
4/16/2023,14,37.0
4/17/2023,14,39.7
4/18/2023,14,39.3
4/19/2023,14,39.8
4/20/2023,14,41.0
4/21/2023,14,39.0
4/22/2023,14,38.5
4/23/2023,14,39.0
4/24/2023,14,37.2
4/25/2023,14,38.1
4/26/2023,14,37.6
4/27/2023,14,40.1
4/28/2023,14,40.9
4/29/2023,14,38.4
4/30/2023,14,42.9
5/1/2023,14,39.8
5/2/2023,14,37.1
5/3/2023,14,38.1
5/4/2023,14,40.5
5/5/2023,14,39.4
5/6/2023,14,40.1
5/7/2023,14,41.6
5/8/2023,14,41.4
5/9/2023,14,40.2
5/10/2023,14,38.7
5/11/2023,14,38.8
5/12/2023,14,39.4
5/13/2023,14,38.7
5/14/2023,14,39.3
5/15/2023,14,39.5
5/16/2023,14,42.4
5/17/2023,14,41.1
5/18/2023,14,39.9
5/19/2023,14,38.5
5/20/2023,14,39.3
5/21/2023,14,41.0
5/22/2023,14,40.5
5/23/2023,14,40.7
5/24/2023,14,40.8
5/25/2023,14,39.8
5/26/2023,14,39.0
5/27/2023,14,41.0
5/28/2023,14,43.6
5/29/2023,14,39.1
5/30/2023,14,41.4
5/31/2023,14,40.7
3/1/2023,15,38.7
3/2/2023,15,33.9
3/3/2023,15,34.6
3/4/2023,15,36.4
3/5/2023,15,35.0
3/6/2023,15,35.4
3/7/2023,15,36.3
3/8/2023,15,35.8
3/9/2023,15,34.6
3/10/2023,15,34.9
3/11/2023,15,33.9
3/12/2023,15,34.1
3/13/2023,15,34.2
3/14/2023,15,36.2
3/15/2023,15,36.7
3/16/2023,15,37.2
3/17/2023,15,38.0
3/18/2023,15,38.0
3/19/2023,15,38.1
3/20/2023,15,37.1
3/21/2023,15,34.3
3/22/2023,15,35.4
3/23/2023,15,38.7
3/24/2023,15,39.0
3/25/2023,15,40.4
3/26/2023,15,39.5
3/27/2023,15,38.8
3/28/2023,15,37.6
3/29/2023,15,38.7
3/30/2023,15,38.1
3/31/2023,15,39.7
4/1/2023,15,37.8
4/2/2023,15,38.0
4/3/2023,15,37.8
4/4/2023,15,39.1
4/5/2023,15,36.9
4/6/2023,15,35.3
4/7/2023,15,40.5
4/8/2023,15,37.2
4/9/2023,15,38.6
4/10/2023,15,38.1
4/11/2023,15,37.2
4/12/2023,15,38.0
4/13/2023,15,37.2
4/14/2023,15,39.1
4/15/2023,15,38.8
4/16/2023,15,39.3
4/17/2023,15,39.3
4/18/2023,15,41.0
4/19/2023,15,41.2
4/20/2023,15,40.5
4/21/2023,15,41.1
4/22/2023,15,41.4
4/23/2023,15,41.0
4/24/2023,15,40.0
4/25/2023,15,40.8
4/26/2023,15,42.1
4/27/2023,15,43.2
4/28/2023,15,41.2
4/29/2023,15,34.9
4/30/2023,15,35.5
5/1/2023,15,40.4
5/2/2023,15,42.6
5/3/2023,15,37.2
5/4/2023,15,31.6
5/5/2023,15,32.7
5/6/2023,15,37.8
5/7/2023,15,38.1
5/8/2023,15,38.5
5/9/2023,15,40.3
5/10/2023,15,42.2
5/11/2023,15,39.7
5/12/2023,15,41.6
5/13/2023,15,40.5
5/14/2023,15,40.7
5/15/2023,15,40.3
5/16/2023,15,39.2
5/17/2023,15,40.2
5/18/2023,15,37.9
5/19/2023,15,35.1
5/20/2023,15,38.9
5/21/2023,15,39.5
5/22/2023,15,39.3
5/23/2023,15,37.1
5/24/2023,15,37.2
5/25/2023,15,37.7
5/26/2023,15,36.6
5/27/2023,15,38.1
5/28/2023,15,39.2
5/29/2023,15,40.7
5/30/2023,15,39.4
5/31/2023,15,39.2
3/1/2023,16,37.2
3/2/2023,16,35.7
3/3/2023,16,33.9
3/4/2023,16,41.0
3/5/2023,16,34.8
3/6/2023,16,34.9
3/7/2023,16,36.4
3/8/2023,16,34.5
3/9/2023,16,37.5
3/10/2023,16,35.3
3/11/2023,16,34.5
3/12/2023,16,34.1
3/13/2023,16,40.3
3/14/2023,16,37.7
3/15/2023,16,43.0
3/16/2023,16,46.4
3/17/2023,16,39.9
3/18/2023,16,43.3
3/19/2023,16,36.9
3/20/2023,16,37.2
3/21/2023,16,37.6
3/22/2023,16,38.5
3/23/2023,16,45.6
3/24/2023,16,47.3
3/25/2023,16,42.4
3/26/2023,16,39.6
3/27/2023,16,38.0
3/28/2023,16,37.2
3/29/2023,16,38.5
3/30/2023,16,41.1
3/31/2023,16,41.5
4/1/2023,16,40.2
4/2/2023,16,39.3
4/3/2023,16,37.4
4/4/2023,16,38.2
4/5/2023,16,35.9
4/6/2023,16,39.5
4/7/2023,16,38.9
4/8/2023,16,40.5
4/9/2023,16,38.8
4/10/2023,16,38.5
4/11/2023,16,35.8
4/12/2023,16,27.9
4/13/2023,16,37.6
4/14/2023,16,40.8
4/15/2023,16,40.8
4/16/2023,16,41.2
4/17/2023,16,41.0
4/18/2023,16,41.6
4/19/2023,16,42.0
4/20/2023,16,45.2
4/21/2023,16,42.8
4/22/2023,16,43.0
4/23/2023,16,42.1
4/24/2023,16,43.2
4/25/2023,16,38.4
4/26/2023,16,39.5
4/27/2023,16,42.6
4/28/2023,16,41.5
4/29/2023,16,42.9
4/30/2023,16,41.2
5/1/2023,16,43.6
5/2/2023,16,39.4
5/3/2023,16,39.7
5/4/2023,16,43.0
5/5/2023,16,39.6
5/6/2023,16,42.4
5/7/2023,16,42.0
5/8/2023,16,42.9
5/9/2023,16,39.5
5/10/2023,16,42.6
5/11/2023,16,42.9
5/12/2023,16,40.9
5/13/2023,16,44.0
5/14/2023,16,38.3
5/15/2023,16,43.9
5/16/2023,16,42.6
5/17/2023,16,41.7
5/18/2023,16,43.2
5/19/2023,16,34.5
5/20/2023,16,39.2
5/21/2023,16,41.4
5/22/2023,16,41.1
5/23/2023,16,42.4
5/24/2023,16,40.5
5/25/2023,16,39.9
5/26/2023,16,40.3
5/27/2023,16,36.8
5/28/2023,16,38.6
5/29/2023,16,35.8
5/30/2023,16,34.3
5/31/2023,16,35.0
3/1/2023,17,32.8
3/2/2023,17,33.5
3/3/2023,17,36.6
3/4/2023,17,36.3
3/5/2023,17,32.5
3/6/2023,17,34.9
3/7/2023,17,33.8
3/8/2023,17,34.1
3/9/2023,17,31.4
3/10/2023,17,33.4
3/11/2023,17,33.9
3/12/2023,17,30.9
3/13/2023,17,34.7
3/14/2023,17,36.6
3/15/2023,17,36.0
3/16/2023,17,37.2
3/17/2023,17,36.9
3/18/2023,17,36.0
3/19/2023,17,35.2
3/20/2023,17,36.8
3/21/2023,17,38.0
3/22/2023,17,38.2
3/23/2023,17,41.3
3/24/2023,17,39.3
3/25/2023,17,40.0
3/26/2023,17,38.5
3/27/2023,17,39.1
3/28/2023,17,38.9
3/29/2023,17,38.7
3/30/2023,17,40.3
3/31/2023,17,39.4
4/1/2023,17,40.2
4/2/2023,17,40.6
4/3/2023,17,37.1
4/4/2023,17,36.9
4/5/2023,17,38.0
4/6/2023,17,37.3
4/7/2023,17,39.5
4/8/2023,17,35.1
4/9/2023,17,38.8
4/10/2023,17,38.2
4/11/2023,17,34.3
4/12/2023,17,31.2
4/13/2023,17,36.6
4/14/2023,17,38.4
4/15/2023,17,39.7
4/16/2023,17,38.7
4/17/2023,17,42.1
4/18/2023,17,42.1
4/19/2023,17,41.2
4/20/2023,17,42.9
4/21/2023,17,45.2
4/22/2023,17,42.5
4/23/2023,17,38.0
4/24/2023,17,40.1
4/25/2023,17,41.7
4/26/2023,17,40.6
4/27/2023,17,42.4
4/28/2023,17,41.0
4/29/2023,17,43.9
4/30/2023,17,43.5
5/1/2023,17,42.9
5/2/2023,17,42.4
5/3/2023,17,41.2
5/4/2023,17,41.3
5/5/2023,17,42.3
5/6/2023,17,42.1
5/7/2023,17,44.2
5/8/2023,17,44.4
5/9/2023,17,41.6
5/10/2023,17,41.6
5/11/2023,17,40.2
5/12/2023,17,43.6
5/13/2023,17,43.2
5/14/2023,17,43.7
5/15/2023,17,41.3
5/16/2023,17,41.6
5/17/2023,17,43.9
5/18/2023,17,41.2
5/19/2023,17,38.1
5/20/2023,17,41.7
5/21/2023,17,44.4
5/22/2023,17,42.0
5/23/2023,17,44.1
5/24/2023,17,44.3
5/25/2023,17,41.1
5/26/2023,17,41.1
5/27/2023,17,43.8
5/28/2023,17,44.9
5/29/2023,17,42.1
5/30/2023,17,43.9
5/31/2023,17,39.4
3/1/2023,18,31.6
3/2/2023,18,30.2
3/3/2023,18,32.2
3/4/2023,18,30.8
3/5/2023,18,29.7
3/6/2023,18,32.2
3/7/2023,18,32.3
3/8/2023,18,32.6
3/9/2023,18,30.2
3/10/2023,18,30.6
3/11/2023,18,31.6
3/12/2023,18,29.8
3/13/2023,18,32.0
3/14/2023,18,32.0
3/15/2023,18,35.6
3/16/2023,18,33.5
3/17/2023,18,34.7
3/18/2023,18,34.0
3/19/2023,18,34.1
3/20/2023,18,35.8
3/21/2023,18,36.8
3/22/2023,18,36.2
3/23/2023,18,38.6
3/24/2023,18,37.2
3/25/2023,18,36.5
3/26/2023,18,35.7
3/27/2023,18,35.5
3/28/2023,18,36.5
3/29/2023,18,37.1
3/30/2023,18,37.3
3/31/2023,18,38.0
4/1/2023,18,36.5
4/2/2023,18,37.2
4/3/2023,18,34.8
4/4/2023,18,35.1
4/5/2023,18,34.5
4/6/2023,18,35.9
4/7/2023,18,36.0
4/8/2023,18,34.7
4/9/2023,18,34.3
4/10/2023,18,34.1
4/11/2023,18,33.4
4/12/2023,18,31.9
4/13/2023,18,36.6
4/14/2023,18,37.7
4/15/2023,18,37.3
4/16/2023,18,38.6
4/17/2023,18,38.9
4/18/2023,18,39.8
4/19/2023,18,39.1
4/20/2023,18,41.2
4/21/2023,18,38.3
4/22/2023,18,39.3
4/23/2023,18,37.1
4/24/2023,18,36.9
4/25/2023,18,38.1
4/26/2023,18,38.3
4/27/2023,18,38.4
4/28/2023,18,40.1
4/29/2023,18,40.8
4/30/2023,18,40.1
5/1/2023,18,38.7
5/2/2023,18,38.3
5/3/2023,18,37.6
5/4/2023,18,38.3
5/5/2023,18,40.3
5/6/2023,18,40.7
5/7/2023,18,42.2
5/8/2023,18,38.9
5/9/2023,18,37.4
5/10/2023,18,37.2
5/11/2023,18,37.9
5/12/2023,18,40.7
5/13/2023,18,40.4
5/14/2023,18,38.8
5/15/2023,18,40.6
5/16/2023,18,41.1
5/17/2023,18,41.0
5/18/2023,18,38.1
5/19/2023,18,37.6
5/20/2023,18,39.4
5/21/2023,18,40.2
5/22/2023,18,40.8
5/23/2023,18,40.4
5/24/2023,18,41.8
5/25/2023,18,38.7
5/26/2023,18,38.3
5/27/2023,18,39.6
5/28/2023,18,40.6
5/29/2023,18,37.4
5/30/2023,18,40.3
5/31/2023,18,40.9
3/1/2023,19,32.8
3/2/2023,19,34.9
3/3/2023,19,31.7
3/4/2023,19,30.9
3/5/2023,19,29.7
3/6/2023,19,29.4
3/7/2023,19,30.2
3/8/2023,19,30.9
3/9/2023,19,32.3
3/10/2023,19,30.9
3/11/2023,19,30.3
3/12/2023,19,32.7
3/13/2023,19,30.8
3/14/2023,19,33.4
3/15/2023,19,32.5
3/16/2023,19,33.2
3/17/2023,19,32.8
3/18/2023,19,34.8
3/19/2023,19,33.3
3/20/2023,19,32.1
3/21/2023,19,33.7
3/22/2023,19,34.1
3/23/2023,19,35.5
3/24/2023,19,38.0
3/25/2023,19,35.5
3/26/2023,19,35.8
3/27/2023,19,36.7
3/28/2023,19,36.5
3/29/2023,19,35.5
3/30/2023,19,36.3
3/31/2023,19,35.8
4/1/2023,19,34.4
4/2/2023,19,35.5
4/3/2023,19,36.6
4/4/2023,19,35.2
4/5/2023,19,35.5
4/6/2023,19,37.1
4/7/2023,19,36.9
4/8/2023,19,34.7
4/9/2023,19,34.1
4/10/2023,19,33.9
4/11/2023,19,34.9
4/12/2023,19,38.0
4/13/2023,19,38.3
4/14/2023,19,36.3
4/15/2023,19,36.3
4/16/2023,19,38.6
4/17/2023,19,39.0
4/18/2023,19,37.8
4/19/2023,19,38.8
4/20/2023,19,37.8
4/21/2023,19,39.1
4/22/2023,19,39.4
4/23/2023,19,39.1
4/24/2023,19,35.7
4/25/2023,19,38.5
4/26/2023,19,38.2
4/27/2023,19,39.5
4/28/2023,19,39.8
4/29/2023,19,38.9
4/30/2023,19,38.9
5/1/2023,19,40.8
5/2/2023,19,38.1
5/3/2023,19,39.9
5/4/2023,19,40.5
5/5/2023,19,39.3
5/6/2023,19,39.5
5/7/2023,19,39.0
5/8/2023,19,39.0
5/9/2023,19,38.2
5/10/2023,19,40.3
5/11/2023,19,40.3
5/12/2023,19,39.3
5/13/2023,19,39.1
5/14/2023,19,39.1
5/15/2023,19,39.7
5/16/2023,19,39.7
5/17/2023,19,39.2
5/18/2023,19,41.4
5/19/2023,19,39.9
5/20/2023,19,39.7
5/21/2023,19,38.9
5/22/2023,19,40.4
5/23/2023,19,40.3
5/24/2023,19,41.8
5/25/2023,19,42.4
5/26/2023,19,39.0
5/27/2023,19,40.7
5/28/2023,19,37.7
5/29/2023,19,38.9
5/30/2023,19,38.3
5/31/2023,19,41.0
3/1/2023,20,23.5
3/2/2023,20,24.4
3/3/2023,20,25.5
3/4/2023,20,24.0
3/5/2023,20,25.0
3/6/2023,20,24.1
3/7/2023,20,25.4
3/8/2023,20,26.1
3/9/2023,20,24.1
3/10/2023,20,24.5
3/11/2023,20,26.4
3/12/2023,20,19.6
3/13/2023,20,26.1
3/14/2023,20,26.5
3/15/2023,20,26.6
3/16/2023,20,23.1
3/17/2023,20,28.0
3/18/2023,20,27.1
3/19/2023,20,27.2
3/20/2023,20,27.6
3/21/2023,20,28.8
3/22/2023,20,29.3
3/23/2023,20,29.5
3/24/2023,20,29.5
3/25/2023,20,30.0
3/26/2023,20,28.9
3/27/2023,20,28.6
3/28/2023,20,28.5
3/29/2023,20,29.5
3/30/2023,20,28.8
3/31/2023,20,31.2
4/1/2023,20,29.5
4/2/2023,20,29.8
4/3/2023,20,20.7
4/4/2023,20,27.5
4/5/2023,20,28.7
4/6/2023,20,31.1
4/7/2023,20,27.5
4/8/2023,20,25.5
4/9/2023,20,28.1
4/10/2023,20,28.1
4/11/2023,20,23.5
4/12/2023,20,20.2
4/13/2023,20,24.3
4/14/2023,20,30.7
4/15/2023,20,32.5
4/16/2023,20,32.0
4/17/2023,20,32.0
4/18/2023,20,32.2
4/19/2023,20,33.0
4/20/2023,20,33.7
4/21/2023,20,31.7
4/22/2023,20,32.8
4/23/2023,20,28.4
4/24/2023,20,27.4
4/25/2023,20,29.7
4/26/2023,20,29.6
4/27/2023,20,30.3
4/28/2023,20,30.1
4/29/2023,20,31.9
4/30/2023,20,31.6
5/1/2023,20,30.4
5/2/2023,20,29.5
5/3/2023,20,27.8
5/4/2023,20,30.7
5/5/2023,20,32.0
5/6/2023,20,33.0
5/7/2023,20,35.5
5/8/2023,20,30.9
5/9/2023,20,28.4
5/10/2023,20,28.3
5/11/2023,20,23.1
5/12/2023,20,31.8
5/13/2023,20,33.7
5/14/2023,20,35.3
5/15/2023,20,33.5
5/16/2023,20,30.5
5/17/2023,20,31.8
5/18/2023,20,34.3
5/19/2023,20,29.1
5/20/2023,20,35.0
5/21/2023,20,34.6
5/22/2023,20,31.7
5/23/2023,20,32.8
5/24/2023,20,32.1
5/25/2023,20,31.6
5/26/2023,20,29.6
5/27/2023,20,32.9
5/28/2023,20,31.5
5/29/2023,20,29.5
5/30/2023,20,28.4
5/31/2023,20,28.7
3/1/2023,21,26.2
3/2/2023,21,28.3
3/3/2023,21,28.6
3/4/2023,21,27.2
3/5/2023,21,26.0
3/6/2023,21,27.3
3/7/2023,21,30.8
3/8/2023,21,30.4
3/9/2023,21,29.8
3/10/2023,21,28.5
3/11/2023,21,29.9
3/12/2023,21,25.6
3/13/2023,21,29.7
3/14/2023,21,32.9
3/15/2023,21,30.9
3/16/2023,21,31.2
3/17/2023,21,32.3
3/18/2023,21,31.3
3/19/2023,21,30.4
3/20/2023,21,30.7
3/21/2023,21,34.5
3/22/2023,21,33.7
3/23/2023,21,37.4
3/24/2023,21,36.1
3/25/2023,21,32.2
3/26/2023,21,32.6
3/27/2023,21,31.7
3/28/2023,21,30.8
3/29/2023,21,32.4
3/30/2023,21,38.0
3/31/2023,21,35.8
4/1/2023,21,33.1
4/2/2023,21,33.2
4/3/2023,21,31.3
4/4/2023,21,34.5
4/5/2023,21,34.8
4/6/2023,21,34.7
4/7/2023,21,34.3
4/8/2023,21,27.3
4/9/2023,21,30.3
4/10/2023,21,34.2
4/11/2023,21,25.0
4/12/2023,21,23.2
4/13/2023,21,34.6
4/14/2023,21,37.7
4/15/2023,21,31.7
4/16/2023,21,33.7
4/17/2023,21,39.8
4/18/2023,21,41.1
4/19/2023,21,39.6
4/20/2023,21,42.0
4/21/2023,21,40.1
4/22/2023,21,37.6
4/23/2023,21,34.0
4/24/2023,21,37.4
4/25/2023,21,38.0
4/26/2023,21,37.4
4/27/2023,21,36.9
4/28/2023,21,38.3
4/29/2023,21,35.7
4/30/2023,21,35.3
5/1/2023,21,37.7
5/2/2023,21,33.7
5/3/2023,21,37.1
5/4/2023,21,38.5
5/5/2023,21,37.1
5/6/2023,21,35.7
5/7/2023,21,36.0
5/8/2023,21,39.9
5/9/2023,21,33.3
5/10/2023,21,36.3
5/11/2023,21,36.6
5/12/2023,21,36.7
5/13/2023,21,34.7
5/14/2023,21,33.3
5/15/2023,21,41.4
5/16/2023,21,40.3
5/17/2023,21,39.7
5/18/2023,21,40.1
5/19/2023,21,39.5
5/20/2023,21,38.0
5/21/2023,21,35.1
5/22/2023,21,40.3
5/23/2023,21,41.2
5/24/2023,21,39.7
5/25/2023,21,39.9
5/26/2023,21,37.4
5/27/2023,21,38.9
5/28/2023,21,37.3
5/29/2023,21,37.4
5/30/2023,21,37.4
5/31/2023,21,41.2
3/1/2023,22,29.3
3/2/2023,22,28.3
3/3/2023,22,27.6
3/4/2023,22,29.5
3/5/2023,22,27.7
3/6/2023,22,28.7
3/7/2023,22,29.1
3/8/2023,22,30.2
3/9/2023,22,31.1
3/10/2023,22,30.8
3/11/2023,22,29.0
3/12/2023,22,28.8
3/13/2023,22,30.5
3/14/2023,22,34.3
3/15/2023,22,32.8
3/16/2023,22,33.7
3/17/2023,22,36.2
3/18/2023,22,33.8
3/19/2023,22,35.9
3/20/2023,22,35.9
3/21/2023,22,38.8
3/22/2023,22,36.8
3/23/2023,22,40.0
3/24/2023,22,39.3
3/25/2023,22,38.6
3/26/2023,22,36.3
3/27/2023,22,38.1
3/28/2023,22,36.2
3/29/2023,22,38.4
3/30/2023,22,38.7
3/31/2023,22,40.0
4/1/2023,22,38.4
4/2/2023,22,36.3
4/3/2023,22,32.6
4/4/2023,22,34.2
4/5/2023,22,35.3
4/6/2023,22,36.3
4/7/2023,22,30.5
4/8/2023,22,34.2
4/9/2023,22,34.9
4/10/2023,22,36.4
4/11/2023,22,36.6
4/12/2023,22,39.7
4/13/2023,22,40.3
4/14/2023,22,38.7
4/15/2023,22,41.8
4/16/2023,22,40.2
4/17/2023,22,40.4
4/18/2023,22,40.0
4/19/2023,22,39.5
4/20/2023,22,41.1
4/21/2023,22,37.2
4/22/2023,22,39.5
4/23/2023,22,36.6
4/24/2023,22,36.3
4/25/2023,22,36.6
4/26/2023,22,38.3
4/27/2023,22,38.6
4/28/2023,22,41.1
4/29/2023,22,40.8
4/30/2023,22,41.8
5/1/2023,22,40.4
5/2/2023,22,38.6
5/3/2023,22,39.8
5/4/2023,22,39.4
5/5/2023,22,42.1
5/6/2023,22,43.4
5/7/2023,22,43.9
5/8/2023,22,41.5
5/9/2023,22,39.2
5/10/2023,22,39.9
5/11/2023,22,40.6
5/12/2023,22,41.0
5/13/2023,22,40.4
5/14/2023,22,40.5
5/15/2023,22,42.2
5/16/2023,22,42.8
5/17/2023,22,43.4
5/18/2023,22,44.1
5/19/2023,22,42.0
5/20/2023,22,40.9
5/21/2023,22,45.0
5/22/2023,22,43.3
5/23/2023,22,40.4
5/24/2023,22,41.8
5/25/2023,22,40.8
5/26/2023,22,37.3
5/27/2023,22,38.5
5/28/2023,22,38.7
5/29/2023,22,38.0
5/30/2023,22,39.7
5/31/2023,22,42.1
3/1/2023,23,30.4
3/2/2023,23,26.2
3/3/2023,23,31.4
3/4/2023,23,29.3
3/5/2023,23,30.5
3/6/2023,23,31.2
3/7/2023,23,33.9
3/8/2023,23,30.7
3/9/2023,23,32.5
3/10/2023,23,31.5
3/11/2023,23,34.0
3/12/2023,23,31.9
3/13/2023,23,33.7
3/14/2023,23,35.5
3/15/2023,23,33.4
3/16/2023,23,33.8
3/17/2023,23,33.1
3/18/2023,23,33.4
3/19/2023,23,33.2
3/20/2023,23,35.3
3/21/2023,23,36.8
3/22/2023,23,37.0
3/23/2023,23,34.3
3/24/2023,23,37.7
3/25/2023,23,40.6
3/26/2023,23,35.5
3/27/2023,23,39.5
3/28/2023,23,35.1
3/29/2023,23,36.0
3/30/2023,23,37.2
3/31/2023,23,39.7
4/1/2023,23,37.4
4/2/2023,23,35.8
4/3/2023,23,34.8
4/4/2023,23,31.7
4/5/2023,23,33.7
4/6/2023,23,34.8
4/7/2023,23,38.1
4/8/2023,23,38.0
4/9/2023,23,34.4
4/10/2023,23,30.1
4/11/2023,23,29.7
4/12/2023,23,36.5
4/13/2023,23,37.9
4/14/2023,23,41.8
4/15/2023,23,42.9
4/16/2023,23,39.7
4/17/2023,23,40.9
4/18/2023,23,38.6
4/19/2023,23,38.0
4/20/2023,23,43.8
4/21/2023,23,43.7
4/22/2023,23,40.3
4/23/2023,23,37.0
4/24/2023,23,35.3
4/25/2023,23,36.3
4/26/2023,23,36.0
4/27/2023,23,42.2
4/28/2023,23,39.1
4/29/2023,23,46.6
4/30/2023,23,42.2
5/1/2023,23,36.8
5/2/2023,23,31.6
5/3/2023,23,34.9
5/4/2023,23,39.8
5/5/2023,23,43.1
5/6/2023,23,42.3
5/7/2023,23,39.1
5/8/2023,23,41.2
5/9/2023,23,39.5
5/10/2023,23,39.1
5/11/2023,23,34.4
5/12/2023,23,39.8
5/13/2023,23,44.6
5/14/2023,23,39.2
5/15/2023,23,43.1
5/16/2023,23,41.3
5/17/2023,23,42.1
5/18/2023,23,41.0
5/19/2023,23,38.9
5/20/2023,23,39.2
5/21/2023,23,42.2
5/22/2023,23,43.5
5/23/2023,23,48.7
5/24/2023,23,41.8
5/25/2023,23,38.1
5/26/2023,23,39.3
5/27/2023,23,38.9
5/28/2023,23,41.0
5/29/2023,23,38.8
5/30/2023,23,39.8
5/31/2023,23,42.6
