date,station,tomorrow,day_after_tomorrow,one_day_abs_error,two_day_abs_error
3/1/2023,1,33.865704,34.38216,2.9,3.9
3/2/2023,1,31.755863,33.20224,1.3,0.9
3/3/2023,1,31.320864,32.423153,1.0,2.0
3/4/2023,1,32.999874,34.36418,2.6,3.3
3/5/2023,1,30.681028,32.289402,0.4,0.0
3/6/2023,1,31.907667,32.90869,0.4,1.4
3/7/2023,1,33.029716,33.983437,1.3,0.8
3/8/2023,1,33.94548,34.580875,0.7,2.0
3/9/2023,1,34.076576,34.56087,1.5,4.4
3/10/2023,1,33.494465,34.152863,3.3,0.9
3/11/2023,1,31.458767,32.35824,1.8,2.0
3/12/2023,1,33.78328,34.329987,3.4,0.2
3/13/2023,1,31.31491,32.83708,2.8,2.8
3/14/2023,1,34.28238,34.417694,1.3,1.3
3/15/2023,1,34.7003,34.69101,1.0,0.8
3/16/2023,1,35.21926,34.855984,1.3,1.7
3/17/2023,1,33.563274,34.426273,3.0,0.1
3/18/2023,1,37.091236,36.628414,2.8,1.5
3/19/2023,1,34.8628,35.18593,0.2,2.2
3/20/2023,1,35.44539,35.436447,2.0,5.4
3/21/2023,1,36.719456,36.14868,4.1,4.5
3/22/2023,1,38.66957,37.760624,1.9,1.1
3/23/2023,1,38.590855,37.902573,0.3,1.1
3/24/2023,1,38.09382,37.35482,0.9,0.9
3/25/2023,1,37.898975,37.512623,1.4,0.6
3/26/2023,1,37.114048,37.093597,1.0,0.9
3/27/2023,1,37.657417,37.79025,1.5,2.7
3/28/2023,1,37.32726,37.278183,2.2,1.7
3/29/2023,1,36.658726,36.97374,2.3,2.1
3/30/2023,1,38.161835,38.050472,0.9,2.7
3/31/2023,1,38.40675,38.344105,2.4,0.6
3/1/2023,2,25.010998,24.994772,1.2,2.9
3/2/2023,2,24.690317,24.735031,2.6,1.7
3/3/2023,2,24.388325,24.571205,1.4,2.8
3/4/2023,2,24.464985,24.665329,2.7,0.7
3/5/2023,2,24.38904,24.893791,0.4,0.5
3/6/2023,2,24.837393,24.799994,0.4,1.7
3/7/2023,2,24.701633,24.892353,1.6,3.8
3/8/2023,2,24.430517,24.870398,3.3,1.4
3/9/2023,2,24.109962,24.452673,0.6,3.4
3/10/2023,2,24.173578,24.419376,3.1,3.9
3/11/2023,2,23.905806,24.15938,3.4,2.4
3/12/2023,2,24.072819,24.2967,2.3,0.3
3/13/2023,2,23.66289,23.866117,0.3,1.1
3/14/2023,2,23.84024,24.06543,1.2,0.3
3/15/2023,2,24.684895,24.562626,0.3,1.4
3/16/2023,2,24.881266,24.975035,1.1,0.2
3/17/2023,2,25.288486,25.351568,0.5,2.5
3/18/2023,2,24.669485,24.728151,1.8,1.2
3/19/2023,2,24.044273,24.261213,1.9,2.1
3/20/2023,2,25.260517,24.70371,1.1,4.0
3/21/2023,2,25.70512,25.545061,3.0,3.2
3/22/2023,2,26.510578,25.998756,2.2,0.7
3/23/2023,2,26.834944,26.484882,0.1,0.3
3/24/2023,2,26.029661,26.140772,0.8,2.0
3/25/2023,2,25.859528,26.050148,1.8,1.1
3/26/2023,2,24.74173,24.778873,2.5,2.0
3/27/2023,2,25.872572,26.214619,0.9,2.9
3/28/2023,2,25.759111,25.755167,2.5,2.1
3/29/2023,2,24.332928,24.653439,0.6,1.2
3/30/2023,2,23.966833,24.530237,1.9,1.6
3/31/2023,2,24.589169,24.794157,1.5,1.4
3/1/2023,3,31.530972,31.7865,1.2,1.7
3/2/2023,3,30.027824,30.958456,0.1,1.1
3/3/2023,3,30.777847,31.82077,0.9,2.2
3/4/2023,3,30.822657,31.710781,1.2,0.6
3/5/2023,3,30.617186,32.095833,1.7,0.2
3/6/2023,3,32.216904,32.460323,0.1,0.4
3/7/2023,3,32.27062,32.369892,0.6,0.3
3/8/2023,3,32.588337,32.62616,0.5,3.2
3/9/2023,3,32.65559,32.58639,3.3,1.6
3/10/2023,3,30.925941,31.878347,0.1,1.5
3/11/2023,3,31.64455,32.27923,1.8,4.5
3/12/2023,3,33.07176,32.615356,5.3,1.0
3/13/2023,3,30.167915,31.334385,1.4,4.0
3/14/2023,3,32.556675,32.055054,2.7,3.7
3/15/2023,3,33.585823,32.621044,2.2,0.6
3/16/2023,3,33.942326,33.092655,1.9,2.9
3/17/2023,3,34.33806,33.996464,1.7,1.6
3/18/2023,3,35.441753,34.754032,3.0,0.3
3/19/2023,3,34.062206,34.07024,0.4,0.4
3/20/2023,3,34.709965,34.373955,0.2,1.3
3/21/2023,3,34.642517,33.97648,1.1,5.7
3/22/2023,3,36.044037,34.938046,3.7,2.8
3/23/2023,3,37.488567,36.094097,0.2,0.7
3/24/2023,3,37.087875,36.389137,0.3,0.7
3/25/2023,3,36.664,36.40019,0.4,0.9
3/26/2023,3,36.332146,35.51148,1.0,0.7
3/27/2023,3,36.8928,36.16926,2.1,0.4
3/28/2023,3,35.659504,35.735218,0.9,2.5
3/29/2023,3,36.457783,35.02244,1.7,4.7
3/30/2023,3,37.265053,36.559036,2.4,0.6
3/31/2023,3,37.951176,37.335087,2.0,2.4
3/1/2023,4,24.88566,25.401295,2.1,2.5
3/2/2023,4,23.555742,24.615938,0.7,0.9
3/3/2023,4,23.822338,24.323402,0.1,1.1
3/4/2023,4,23.875378,24.240498,0.7,0.0
3/5/2023,4,23.794855,24.37521,0.4,0.3
3/6/2023,4,24.368418,24.4775,0.3,0.0
3/7/2023,4,24.628716,24.92921,0.1,0.4
3/8/2023,4,24.958382,25.143045,0.3,0.1
3/9/2023,4,24.431309,24.98977,0.6,0.1
3/10/2023,4,24.607265,24.84445,0.5,0.2
3/11/2023,4,24.687054,25.190796,0.1,4.9
3/12/2023,4,24.407625,24.599209,4.1,2.1
3/13/2023,4,23.023708,24.036573,0.5,0.4
3/14/2023,4,23.969992,24.389479,0.4,0.3
3/15/2023,4,24.76229,25.259073,0.7,1.4
3/16/2023,4,25.102669,25.689768,1.2,0.8
3/17/2023,4,25.8075,26.157265,0.9,1.9
3/18/2023,4,25.013668,25.86833,0.7,3.1
3/19/2023,4,25.621843,26.246248,3.4,2.8
3/20/2023,4,27.802975,27.205074,1.2,4.0
3/21/2023,4,28.113852,26.73975,3.1,5.4
3/22/2023,4,29.664696,27.33323,2.4,5.4
3/23/2023,4,29.917788,27.461931,2.8,1.6
3/24/2023,4,31.315538,30.071777,2.2,1.7
3/25/2023,4,30.432959,29.372019,1.4,6.8
3/26/2023,4,25.31664,26.7157,2.7,1.7
3/27/2023,4,25.060022,26.380718,0.1,0.8
3/28/2023,4,26.275331,26.583902,0.9,5.0
3/29/2023,4,28.824583,28.13298,2.8,0.6
3/30/2023,4,28.726343,28.368809,0.0,0.4
3/31/2023,4,27.8924,27.426712,0.1,0.0
3/1/2023,5,34.547783,34.753906,4.2,4.1
3/2/2023,5,32.294304,33.549675,1.6,1.7
3/3/2023,5,32.267258,33.56229,0.5,3.6
3/4/2023,5,32.83842,34.15601,2.8,1.2
3/5/2023,5,32.360573,33.642498,0.6,0.1
3/6/2023,5,33.119003,34.164494,0.6,0.2
3/7/2023,5,33.87912,34.783966,0.1,2.3
3/8/2023,5,34.65449,34.83689,2.2,1.0
3/9/2023,5,33.787724,34.288982,0.0,3.5
3/10/2023,5,33.630936,33.816654,2.8,3.5
3/11/2023,5,32.73126,33.58762,2.4,1.7
3/12/2023,5,32.622482,33.307995,0.7,1.4
3/13/2023,5,32.390305,33.245182,0.5,0.2
3/14/2023,5,33.506424,33.633606,0.1,0.5
3/15/2023,5,34.391598,33.95673,0.3,0.5
3/16/2023,5,34.706272,34.149593,1.2,2.1
3/17/2023,5,33.904415,33.92231,1.9,1.0
3/18/2023,5,34.245193,34.06515,1.3,1.4
3/19/2023,5,33.192253,33.731426,0.5,1.9
3/20/2023,5,34.164898,34.183353,2.4,0.1
3/21/2023,5,33.111546,33.546963,1.0,1.3
3/22/2023,5,34.34485,34.25385,0.5,2.8
3/23/2023,5,35.33919,35.03111,1.8,2.7
3/24/2023,5,36.85174,36.118073,0.8,1.9
3/25/2023,5,37.536877,36.46066,0.5,1.2
3/26/2023,5,37.681347,36.70372,0.0,1.2
3/27/2023,5,37.240765,36.503704,1.7,0.8
3/28/2023,5,36.727047,36.136066,1.0,1.1
3/29/2023,5,36.808365,36.315308,1.8,0.6
3/30/2023,5,36.511536,36.319576,0.4,1.4
3/31/2023,5,37.497627,36.652576,0.2,1.8
3/1/2023,6,33.987366,34.317772,1.0,4.2
3/2/2023,6,32.843323,33.40009,2.7,1.5
3/3/2023,6,31.657541,32.636673,0.2,1.2
3/4/2023,6,32.50471,33.00568,1.1,1.9
3/5/2023,6,32.02225,32.957726,0.9,0.8
3/6/2023,6,32.114517,32.895447,0.1,0.3
3/7/2023,6,32.841713,33.273,0.4,0.6
3/8/2023,6,33.364586,33.505444,0.5,1.3
3/9/2023,6,34.45658,34.291615,2.3,2.5
3/10/2023,6,32.15119,32.91725,0.4,0.6
3/11/2023,6,32.42778,33.035168,0.1,0.8
3/12/2023,6,33.024673,33.63156,0.8,0.2
3/13/2023,6,32.38232,32.78604,1.0,1.5
3/14/2023,6,33.13516,33.43658,1.2,1.3
3/15/2023,6,34.174103,34.12515,0.5,2.5
3/16/2023,6,34.45534,34.27268,2.1,2.1
3/17/2023,6,35.12388,34.794964,1.3,0.4
3/18/2023,6,36.426952,35.692726,2.0,0.6
3/19/2023,6,34.66179,34.54254,0.4,2.9
3/20/2023,6,34.987133,34.570065,2.4,1.4
3/21/2023,6,35.864944,35.56395,0.1,2.4
3/22/2023,6,36.277065,35.631863,1.7,3.6
3/23/2023,6,36.07614,35.440876,3.1,1.5
3/24/2023,6,36.91924,36.278194,0.0,3.1
3/25/2023,6,37.218803,36.329967,2.2,1.4
3/26/2023,6,37.326256,36.744694,0.4,1.1
3/27/2023,6,37.273613,36.692554,0.5,1.2
3/28/2023,6,37.542824,37.192806,2.0,2.0
3/29/2023,6,36.200653,36.68194,3.0,1.8
3/30/2023,6,37.371044,37.111824,1.1,1.0
3/31/2023,6,37.7388,37.29704,0.4,1.9
3/1/2023,7,34.052677,33.307636,4.9,4.4
3/2/2023,7,31.488356,30.891003,2.6,1.6
3/3/2023,7,30.74859,30.777626,1.4,3.9
3/4/2023,7,30.478819,30.892477,3.6,2.5
3/5/2023,7,28.702848,29.748478,0.3,1.4
3/6/2023,7,30.548166,30.890215,2.2,1.4
3/7/2023,7,31.241371,31.299948,1.1,0.1
3/8/2023,7,32.520374,32.64898,1.1,1.8
3/9/2023,7,32.305088,32.28873,1.5,1.5
3/10/2023,7,32.451393,32.45718,1.7,1.4
3/11/2023,7,32.423386,32.47493,1.3,1.1
3/12/2023,7,31.858204,32.12402,0.5,0.8
3/13/2023,7,32.490425,32.73396,1.2,0.6
3/14/2023,7,33.14484,33.13417,0.2,0.8
3/15/2023,7,33.57722,33.222466,0.3,3.3
3/16/2023,7,33.394073,33.126537,3.5,0.5
3/17/2023,7,32.63598,32.019154,1.0,0.3
3/18/2023,7,34.45223,33.538586,2.8,2.0
3/19/2023,7,32.780033,32.606686,1.3,0.2
3/20/2023,7,31.540056,31.660011,0.9,4.5
3/21/2023,7,33.780067,33.163208,2.4,2.3
3/22/2023,7,35.55972,34.878757,0.1,1.5
3/23/2023,7,36.46862,35.429424,0.1,1.4
3/24/2023,7,37.37776,36.33484,0.6,0.5
3/25/2023,7,36.839428,35.314972,1.0,0.2
3/26/2023,7,36.672993,35.32322,1.2,0.5
3/27/2023,7,36.388924,35.523266,0.6,0.7
3/28/2023,7,36.528408,35.24057,1.7,0.8
3/29/2023,7,36.30421,35.23547,0.3,1.9
3/30/2023,7,36.762817,35.761032,0.3,0.5
3/31/2023,7,37.402046,36.159927,1.1,0.8
3/1/2023,8,34.87229,35.673527,1.6,2.9
3/2/2023,8,35.36152,36.311928,2.6,3.2
3/3/2023,8,34.301228,35.316986,1.2,2.7
3/4/2023,8,34.02983,35.10033,1.4,1.4
3/5/2023,8,34.52971,35.326717,0.8,1.0
3/6/2023,8,34.41948,35.34996,0.1,1.5
3/7/2023,8,34.193146,34.9898,0.4,0.7
3/8/2023,8,34.567986,35.473618,0.3,1.1
3/9/2023,8,35.289867,35.976482,1.3,0.7
3/10/2023,8,36.674847,36.935226,1.4,2.8
3/11/2023,8,35.93603,36.24906,1.8,1.5
3/12/2023,8,35.523003,36.47766,0.8,2.5
3/13/2023,8,34.63323,35.53662,0.6,0.2
3/14/2023,8,34.892952,35.874355,0.4,2.3
3/15/2023,8,36.612457,36.77659,1.6,0.5
3/16/2023,8,37.81218,37.766754,0.5,0.1
3/17/2023,8,37.994118,38.24028,0.3,0.9
3/18/2023,8,38.261223,38.25205,1.0,0.8
3/19/2023,8,37.96463,37.89119,0.5,0.0
3/20/2023,8,37.3601,37.820446,0.5,2.7
3/21/2023,8,38.059223,38.30168,2.4,0.4
3/22/2023,8,39.42013,38.87444,0.7,1.1
3/23/2023,8,39.195663,39.599533,0.8,1.5
3/24/2023,8,40.36577,40.399952,0.7,1.2
3/25/2023,8,41.46484,40.727127,0.1,0.6
3/26/2023,8,40.532185,40.790302,0.4,1.8
3/27/2023,8,41.351326,40.771442,2.4,1.3
3/28/2023,8,39.96676,40.336494,2.1,4.4
3/29/2023,8,40.81262,40.98524,4.9,0.6
3/30/2023,8,39.03408,39.61573,2.6,1.5
3/31/2023,8,41.09875,40.18725,0.0,1.5
3/1/2023,9,34.79708,34.931435,2.0,2.2
3/2/2023,9,33.46482,34.25383,0.8,0.3
3/3/2023,9,32.797913,33.20688,1.8,0.9
3/4/2023,9,33.684505,34.329704,1.4,3.1
3/5/2023,9,33.0056,33.88259,1.8,1.6
3/6/2023,9,32.442856,33.25752,0.1,0.6
3/7/2023,9,33.05306,33.792343,0.4,1.0
3/8/2023,9,33.23035,34.157402,0.4,1.2
3/9/2023,9,33.120224,33.835106,0.1,1.1
3/10/2023,9,33.448692,34.242474,0.7,1.6
3/11/2023,9,34.16567,34.629803,1.6,2.2
3/12/2023,9,33.50409,33.887295,1.1,1.3
3/13/2023,9,33.55822,34.13914,1.0,0.4
3/14/2023,9,33.343864,33.8193,0.4,1.6
3/15/2023,9,33.700737,34.276733,1.7,0.2
3/16/2023,9,34.508915,34.50847,0.4,1.5
3/17/2023,9,34.482555,34.618675,1.5,0.6
3/18/2023,9,35.165936,34.964905,0.0,0.6
3/19/2023,9,34.711502,34.69286,0.3,1.6
3/20/2023,9,34.65175,34.86095,1.6,0.2
3/21/2023,9,35.26498,35.186867,0.2,1.0
3/22/2023,9,35.44974,35.423412,0.8,1.7
3/23/2023,9,35.701733,35.466557,1.4,5.7
3/24/2023,9,36.032288,35.870346,5.2,3.2
3/25/2023,9,36.94761,36.51125,2.2,2.6
3/26/2023,9,37.92544,37.37703,1.2,1.5
3/27/2023,9,37.817963,37.29739,1.1,0.6
3/28/2023,9,37.627422,36.938328,0.9,1.0
3/29/2023,9,37.403294,36.90963,0.5,2.0
3/30/2023,9,36.79175,36.42166,2.1,1.1
3/31/2023,9,38.001553,37.22415,0.5,1.6
3/1/2023,10,31.313177,31.935322,3.0,2.4
3/2/2023,10,29.871353,30.878561,0.4,0.5
3/3/2023,10,29.93115,31.546623,0.5,3.2
3/4/2023,10,30.77321,31.772474,2.5,2.1
3/5/2023,10,29.735695,30.7849,0.0,0.9
3/6/2023,10,30.232733,31.588806,0.3,1.7
3/7/2023,10,31.263893,31.763805,1.4,0.8
3/8/2023,10,30.507467,31.32571,0.5,4.9
3/9/2023,10,31.279991,31.630394,4.9,3.8
3/10/2023,10,30.154205,31.187136,2.4,0.9
3/11/2023,10,30.258,32.0053,0.0,4.7
3/12/2023,10,30.792969,31.649324,3.5,1.3
3/13/2023,10,29.407873,30.798319,0.9,1.1
3/14/2023,10,31.147392,31.629116,0.8,0.0
3/15/2023,10,32.814713,32.355904,1.2,3.6
3/16/2023,10,31.922764,32.158764,3.1,0.3
3/17/2023,10,32.07595,32.269245,0.2,1.6
3/18/2023,10,32.614246,32.286533,1.3,2.5
3/19/2023,10,33.468555,32.731884,1.3,1.1
3/20/2023,10,34.21145,33.29993,0.4,0.7
3/21/2023,10,34.205833,33.27423,0.2,4.6
3/22/2023,10,35.01414,34.408268,2.9,1.9
3/23/2023,10,36.741722,35.649944,0.4,2.1
3/24/2023,10,35.954227,35.905,1.7,1.0
3/25/2023,10,37.064995,36.135967,0.2,0.4
3/26/2023,10,37.03659,36.135075,0.5,1.0
3/27/2023,10,35.802135,35.383816,1.3,0.6
3/28/2023,10,36.94587,36.10878,0.9,0.5
3/29/2023,10,36.7297,36.236237,1.1,1.0
3/30/2023,10,36.37423,35.80056,1.2,0.5
3/31/2023,10,36.40936,36.083736,0.1,1.9
3/1/2023,11,33.338013,33.691986,0.4,1.7
3/2/2023,11,34.146294,34.179382,2.1,3.0
3/3/2023,11,32.61907,33.401627,1.4,2.6
3/4/2023,11,31.578346,32.377377,0.8,2.0
3/5/2023,11,31.640936,32.334743,1.2,2.4
3/6/2023,11,31.663645,32.32171,1.8,1.0
3/7/2023,11,31.245714,31.721083,0.1,0.8
3/8/2023,11,32.182816,32.712345,1.3,1.0
3/9/2023,11,31.631248,32.212646,2.1,0.7
3/10/2023,11,32.979336,33.18236,1.5,1.3
3/11/2023,11,31.96391,32.615288,0.1,0.7
3/12/2023,11,32.763195,33.433235,0.9,0.6
3/13/2023,11,32.02973,32.380383,0.8,0.1
3/14/2023,11,32.850445,33.168827,0.6,2.7
3/15/2023,11,33.142387,33.70029,2.8,1.6
3/16/2023,11,34.94008,34.594704,0.4,0.0
3/17/2023,11,34.31182,34.27417,0.3,2.1
3/18/2023,11,34.73694,34.687733,1.7,0.1
3/19/2023,11,35.495026,34.951473,0.7,1.7
3/20/2023,11,34.61582,34.564644,1.3,0.1
3/21/2023,11,33.458885,33.74269,1.0,2.7
3/22/2023,11,34.62686,34.421146,1.8,4.0
3/23/2023,11,36.124058,35.56096,2.3,3.1
3/24/2023,11,37.269886,36.41747,1.4,1.4
3/25/2023,11,37.2708,36.52227,0.5,0.4
3/26/2023,11,36.770138,35.855232,0.7,1.0
3/27/2023,11,36.810715,36.06666,0.1,2.7
3/28/2023,11,35.92457,35.700607,2.9,2.1
3/29/2023,11,37.719646,37.092354,0.1,0.9
3/30/2023,11,37.89777,37.063606,0.1,1.1
3/31/2023,11,37.041027,36.38654,1.2,1.6
3/1/2023,12,33.516544,34.015743,2.5,5.9
3/2/2023,12,31.838327,33.236214,3.7,0.7
3/3/2023,12,31.253521,32.742744,2.6,2.5
3/4/2023,12,33.03589,33.9806,2.8,0.8
3/5/2023,12,32.321167,33.131863,0.9,2.0
3/6/2023,12,33.057373,34.41622,2.0,0.5
3/7/2023,12,34.02388,34.50815,0.1,0.2
3/8/2023,12,34.432205,34.834457,0.1,2.5
3/9/2023,12,33.973015,34.648655,1.7,2.7
3/10/2023,12,32.389736,33.736618,0.5,0.6
3/11/2023,12,32.249863,32.714966,2.1,1.4
3/12/2023,12,33.60081,34.033047,0.5,1.2
3/13/2023,12,33.582657,34.101814,0.8,2.2
3/14/2023,12,34.57117,34.634144,1.7,0.4
3/15/2023,12,35.122337,34.7086,0.9,1.1
3/16/2023,12,33.92492,34.670322,0.3,1.6
3/17/2023,12,35.02634,35.35301,1.3,0.1
3/18/2023,12,36.10627,35.595093,0.6,3.0
3/19/2023,12,35.70605,35.276302,3.1,0.3
3/20/2023,12,33.92729,34.15071,1.1,3.8
3/21/2023,12,35.22309,35.21894,2.8,3.2
3/22/2023,12,36.895287,36.557423,1.5,3.1
3/23/2023,12,37.618496,37.140106,2.1,3.7
3/24/2023,12,37.962673,37.67711,2.8,0.6
3/25/2023,12,38.07628,37.49769,1.0,0.6
3/26/2023,12,37.025303,36.99168,1.1,1.2
3/27/2023,12,37.809994,37.32176,0.4,0.2
3/28/2023,12,37.71654,37.327106,0.6,0.8
3/29/2023,12,37.015713,37.08999,0.5,2.8
3/30/2023,12,37.015602,37.14613,2.9,3.3
3/31/2023,12,38.00094,37.44115,2.4,2.4
3/1/2023,13,34.753426,34.720627,2.9,0.8
3/2/2023,13,32.628017,33.62576,1.3,1.7
3/3/2023,13,33.733105,34.251495,1.8,1.8
3/4/2023,13,33.319115,33.98302,0.8,1.6
3/5/2023,13,32.96556,33.65408,0.6,1.0
3/6/2023,13,32.7908,33.423737,0.1,0.4
3/7/2023,13,32.910156,33.78901,0.9,0.6
3/8/2023,13,33.787693,34.253506,0.6,3.1
3/9/2023,13,34.529167,35.025238,3.3,2.0
3/10/2023,13,33.912987,34.3817,0.9,1.4
3/11/2023,13,32.853756,33.765034,0.1,3.8
3/12/2023,13,33.89082,34.347176,3.9,0.3
3/13/2023,13,33.121387,34.386375,0.9,0.2
3/14/2023,13,33.936535,34.457787,0.3,1.2
3/15/2023,13,34.864006,35.32336,0.8,0.8
3/16/2023,13,35.315323,35.72748,0.8,1.3
3/17/2023,13,35.207012,35.483562,1.8,0.2
3/18/2023,13,35.75393,35.596386,0.1,0.9
3/19/2023,13,35.772873,35.5794,1.1,0.8
3/20/2023,13,35.039814,35.35399,0.2,1.7
3/21/2023,13,35.040455,35.11637,2.1,3.7
3/22/2023,13,36.495975,36.288994,2.3,4.0
3/23/2023,13,37.093174,36.530437,3.2,3.1
3/24/2023,13,38.112377,37.3709,1.5,1.4
3/25/2023,13,37.907185,37.64483,0.9,1.8
3/26/2023,13,37.491356,37.196934,1.9,2.7
3/27/2023,13,37.39191,36.978916,2.5,0.6
3/28/2023,13,38.061703,37.71994,0.5,0.5
3/29/2023,13,37.622684,37.405518,0.6,4.3
3/30/2023,13,38.27318,38.018204,3.4,2.1
3/31/2023,13,38.784866,38.740643,1.3,2.4
3/1/2023,14,33.303726,33.897964,1.4,1.6
3/2/2023,14,32.14287,33.14129,0.2,2.0
3/3/2023,14,32.351215,33.01667,1.3,2.4
3/4/2023,14,32.114143,32.970882,1.5,2.5
3/5/2023,14,31.801634,32.758457,1.3,0.7
3/6/2023,14,31.766819,32.51471,0.3,0.9
3/7/2023,14,32.25328,32.793594,1.1,0.6
3/8/2023,14,33.049046,33.456013,0.8,2.9
3/9/2023,14,32.736042,33.212807,2.1,2.3
3/10/2023,14,31.99648,32.555183,1.1,1.2
3/11/2023,14,31.765724,32.664047,0.4,2.8
3/12/2023,14,32.269485,33.093212,2.4,1.2
3/13/2023,14,32.2799,33.302555,0.4,0.5
3/14/2023,14,32.56972,33.28873,0.2,0.1
3/15/2023,14,33.107166,33.474045,0.1,1.0
3/16/2023,14,33.42795,33.71641,1.1,3.1
3/17/2023,14,33.724438,33.730526,3.1,0.7
3/18/2023,14,35.195724,34.668465,0.8,1.1
3/19/2023,14,34.003323,33.973213,0.4,0.6
3/20/2023,14,33.672134,33.441128,0.3,2.5
3/21/2023,14,33.613945,33.59483,2.3,3.4
3/22/2023,14,34.81434,34.44341,2.2,4.1
3/23/2023,14,35.562958,35.07268,2.9,2.6
3/24/2023,14,37.101505,36.143677,0.6,0.0
3/25/2023,14,36.764244,35.989727,0.7,0.7
3/26/2023,14,35.786156,35.538128,0.9,0.5
3/27/2023,14,36.085506,35.4607,0.1,0.6
3/28/2023,14,36.285896,35.683613,1.4,0.2
3/29/2023,14,35.42357,35.08622,0.5,1.5
3/30/2023,14,36.153423,35.79858,0.4,0.7
3/31/2023,14,36.565723,36.306416,0.1,0.9
3/1/2023,15,37.21702,36.91848,1.5,3.0
3/2/2023,15,37.26723,37.188923,3.4,2.6
3/3/2023,15,34.02074,35.28307,0.6,1.1
3/4/2023,15,34.37739,35.08296,2.0,0.1
3/5/2023,15,35.99998,36.511192,1.0,1.1
3/6/2023,15,35.38565,35.85301,0.0,0.4
3/7/2023,15,36.004307,36.3959,0.3,0.6
3/8/2023,15,35.80747,36.33088,0.0,1.7
3/9/2023,15,35.82432,36.35231,1.2,1.5
3/10/2023,15,34.916954,35.504738,0.0,1.6
3/11/2023,15,35.221996,35.823265,1.3,1.7
3/12/2023,15,34.499508,35.087616,0.4,0.9
3/13/2023,15,34.671757,35.235817,0.5,1.0
3/14/2023,15,34.664093,35.26583,1.5,1.4
3/15/2023,15,36.511253,36.605907,0.2,0.6
3/16/2023,15,36.85486,36.803806,0.3,1.2
3/17/2023,15,37.0449,37.0775,1.0,0.9
3/18/2023,15,37.66147,37.34719,0.3,0.8
3/19/2023,15,37.330227,37.061333,0.8,0.0
3/20/2023,15,36.92635,36.81236,0.2,2.5
3/21/2023,15,36.889626,36.880505,2.6,1.5
3/22/2023,15,36.150795,36.167526,0.8,2.5
3/23/2023,15,36.103756,36.342903,2.6,2.7
3/24/2023,15,37.95264,37.78596,1.0,2.6
3/25/2023,15,38.36355,38.142017,2.0,1.4
3/26/2023,15,38.91214,38.60079,0.6,0.2
3/27/2023,15,38.725758,38.312584,0.1,0.7
3/28/2023,15,38.390476,38.070995,0.8,0.6
3/29/2023,15,37.917507,38.05127,0.8,0.0
3/30/2023,15,38.25828,38.47645,0.2,1.2
3/31/2023,15,38.60845,38.232956,1.1,0.4
3/1/2023,16,38.83359,38.93472,1.6,3.2
3/2/2023,16,37.115227,37.68676,1.4,3.8
3/3/2023,16,36.880657,37.55328,3.0,3.4
3/4/2023,16,36.75887,37.108948,4.2,2.3
3/5/2023,16,38.850666,38.59754,4.1,3.7
3/6/2023,16,36.99529,37.53688,2.1,1.1
3/7/2023,16,38.0393,38.125374,1.6,3.6
3/8/2023,16,38.393772,38.29325,3.9,0.8
3/9/2023,16,37.185783,37.886703,0.3,2.6
3/10/2023,16,37.540314,37.56853,2.2,3.1
3/11/2023,16,36.649784,37.67741,2.1,3.6
3/12/2023,16,36.741035,37.540325,2.6,2.8
3/13/2023,16,36.577404,36.985744,3.7,0.7
3/14/2023,16,38.90241,38.789352,1.2,4.2
3/15/2023,16,38.307827,38.318592,4.7,8.1
3/16/2023,16,40.750637,40.19912,5.6,0.3
3/17/2023,16,42.022644,40.66198,2.1,2.6
3/18/2023,16,39.860886,39.67804,3.4,2.8
3/19/2023,16,41.0267,40.50204,4.1,3.3
3/20/2023,16,38.306458,38.562843,1.1,1.0
3/21/2023,16,38.070435,37.957916,0.5,0.5
3/22/2023,16,39.444897,39.238586,0.9,6.4
3/23/2023,16,40.432587,40.24725,5.2,7.1
3/24/2023,16,42.647198,41.732513,4.7,0.7
3/25/2023,16,42.08073,41.525986,0.3,1.9
3/26/2023,16,41.73295,41.162743,2.1,3.2
3/27/2023,16,40.25932,40.155304,2.3,3.0
3/28/2023,16,40.343056,40.373688,3.1,1.9
3/29/2023,16,39.511833,39.862656,1.0,1.2
3/30/2023,16,39.891865,39.94139,1.2,1.6
3/31/2023,16,40.01194,40.339924,1.5,0.1
3/1/2023,17,34.76193,35.914223,2.0,2.4
3/2/2023,17,34.273132,35.66034,0.8,0.9
3/3/2023,17,34.464108,35.906483,2.1,0.4
3/4/2023,17,35.53922,36.178062,0.8,3.7
3/5/2023,17,35.410362,36.266865,2.9,1.4
3/6/2023,17,33.752563,35.32848,1.1,1.5
3/7/2023,17,35.27466,36.06005,1.5,2.0
3/8/2023,17,34.79957,36.127384,0.7,4.7
3/9/2023,17,34.855473,35.929554,3.5,2.5
3/10/2023,17,33.68603,34.889908,0.3,1.0
3/11/2023,17,34.11242,35.311607,0.2,4.4
3/12/2023,17,34.96925,35.751625,4.1,1.1
3/13/2023,17,34.496147,35.530148,0.2,1.1
3/14/2023,17,35.50435,36.176373,1.1,0.2
3/15/2023,17,36.424683,36.81475,0.4,0.4
3/16/2023,17,36.944195,37.149803,0.3,0.2
3/17/2023,17,36.84212,36.686096,0.1,0.7
3/18/2023,17,37.683624,37.540916,1.7,2.3
3/19/2023,17,36.581326,37.13019,1.4,0.3
3/20/2023,17,36.20515,36.69055,0.6,1.3
3/21/2023,17,36.119255,36.517807,1.9,1.7
3/22/2023,17,37.517212,37.596214,0.7,3.7
3/23/2023,17,38.53408,38.30064,2.8,1.0
3/24/2023,17,39.865902,39.602127,0.6,0.4
3/25/2023,17,39.018177,38.92987,1.0,0.4
3/26/2023,17,39.370365,39.44581,0.9,0.3
3/27/2023,17,38.69002,39.353542,0.4,0.5
3/28/2023,17,39.14559,39.68406,0.2,1.0
3/29/2023,17,38.677147,39.77212,0.0,0.5
3/30/2023,17,40.0902,40.40067,0.2,1.0
3/31/2023,17,40.507053,41.031834,1.1,0.8
3/1/2023,18,33.33007,33.982506,1.7,3.8
3/2/2023,18,32.71493,33.23893,2.5,1.0
3/3/2023,18,31.78186,32.483585,0.4,1.7
3/4/2023,18,32.209293,32.815853,1.4,3.1
3/5/2023,18,31.8632,32.31386,2.2,0.1
3/6/2023,18,31.409891,31.696747,0.8,0.6
3/7/2023,18,32.14111,32.835052,0.2,0.2
3/8/2023,18,32.884598,33.434155,0.3,3.2
3/9/2023,18,32.909664,33.583656,2.7,3.0
3/10/2023,18,31.26786,32.06338,0.7,0.5
3/11/2023,18,31.854052,32.29958,0.3,2.5
3/12/2023,18,32.769283,33.512524,3.0,1.5
3/13/2023,18,31.334606,32.446293,0.7,0.4
3/14/2023,18,32.140793,32.94392,0.1,2.7
3/15/2023,18,32.31399,33.109146,3.3,0.4
3/16/2023,18,34.66366,34.401543,1.2,0.3
3/17/2023,18,33.09312,33.582203,1.6,0.4
3/18/2023,18,34.091217,34.27185,0.1,0.2
3/19/2023,18,34.17857,34.017662,0.1,1.8
3/20/2023,18,33.906384,33.919624,1.9,2.9
3/21/2023,18,34.47827,34.56598,2.3,1.6
3/22/2023,18,35.230988,35.086937,1.0,3.5
3/23/2023,18,35.774933,35.075577,2.8,2.1
3/24/2023,18,36.366783,35.82123,0.8,0.7
3/25/2023,18,36.649323,35.748875,0.1,0.0
3/26/2023,18,35.576164,35.1969,0.1,0.3
3/27/2023,18,35.39047,34.827686,0.1,1.7
3/28/2023,18,35.436478,34.817993,1.1,2.3
3/29/2023,18,35.585007,34.889507,1.5,2.4
3/30/2023,18,36.387417,36.021336,0.9,2.0
3/31/2023,18,36.366306,35.65175,1.6,0.8
3/1/2023,19,33.410427,33.596054,0.6,1.3
3/2/2023,19,33.461353,33.408688,1.4,1.7
3/3/2023,19,33.519775,33.48312,1.8,2.6
3/4/2023,19,31.998558,32.44148,1.1,2.7
3/5/2023,19,31.258799,31.624504,1.6,2.2
3/6/2023,19,31.522842,32.24493,2.1,2.0
3/7/2023,19,31.032837,31.818504,0.8,0.9
3/8/2023,19,31.592472,31.930113,0.7,0.4
3/9/2023,19,31.70044,32.336273,0.6,1.4
3/10/2023,19,32.168674,32.330746,1.3,2.0
3/11/2023,19,31.756804,32.077442,1.5,0.6
3/12/2023,19,31.587324,31.946192,1.1,1.1
3/13/2023,19,31.566711,31.873701,0.8,1.5
3/14/2023,19,31.703138,32.055153,1.7,0.4
3/15/2023,19,32.881824,33.084805,0.4,0.1
3/16/2023,19,33.727695,33.55275,0.5,0.8
3/17/2023,19,33.634968,33.61973,0.8,1.2
3/18/2023,19,33.246666,33.489098,1.6,0.2
3/19/2023,19,33.503876,33.24612,0.2,1.1
3/20/2023,19,32.80534,32.780685,0.7,0.9
3/21/2023,19,32.329807,32.378742,1.4,1.7
3/22/2023,19,33.556694,33.255196,0.5,2.2
3/23/2023,19,34.67497,34.177216,0.8,3.8
3/24/2023,19,35.999313,34.7617,2.0,0.7
3/25/2023,19,35.664715,35.140102,0.2,0.7
3/26/2023,19,35.076366,34.58473,0.7,2.1
3/27/2023,19,35.564083,34.650547,1.1,1.8
3/28/2023,19,35.703384,34.857056,0.8,0.6
3/29/2023,19,34.89353,34.666283,0.6,1.6
3/30/2023,19,36.050472,35.368275,0.2,0.4
3/31/2023,19,36.11449,35.883453,0.3,1.5
3/1/2023,20,24.86389,25.653557,1.4,1.3
3/2/2023,20,23.901104,25.017406,0.5,0.5
3/3/2023,20,24.518719,25.032099,1.0,1.0
3/4/2023,20,25.059702,25.618835,1.1,0.6
3/5/2023,20,24.009573,24.44779,1.0,0.3
3/6/2023,20,24.767466,24.747173,0.7,0.7
3/7/2023,20,25.273237,25.388737,0.1,0.7
3/8/2023,20,24.82606,25.537172,1.3,1.4
3/9/2023,20,25.469645,25.828434,1.4,1.3
3/10/2023,20,24.359335,24.863316,0.1,1.5
3/11/2023,20,25.012419,25.343758,1.4,5.7
3/12/2023,20,26.265709,26.06373,6.7,0.0
3/13/2023,20,23.348518,24.448744,2.8,2.1
3/14/2023,20,25.362173,25.536337,1.1,1.1
3/15/2023,20,25.393818,26.250336,1.2,3.2
3/16/2023,20,25.987816,26.471828,2.9,1.5
3/17/2023,20,25.015614,25.769913,3.0,1.3
3/18/2023,20,27.404715,26.740026,0.3,0.5
3/19/2023,20,27.08915,26.42965,0.1,1.2
3/20/2023,20,27.18178,26.50644,0.4,2.3
3/21/2023,20,26.876501,26.507057,1.9,2.8
3/22/2023,20,27.690472,26.974367,1.6,2.5
3/23/2023,20,28.162844,28.141472,1.3,1.4
3/24/2023,20,28.672606,28.664703,0.8,1.3
3/25/2023,20,28.254274,28.340876,1.7,0.6
3/26/2023,20,28.754309,28.40335,0.1,0.2
3/27/2023,20,27.823513,27.68797,0.8,0.8
3/28/2023,20,28.32934,27.960762,0.2,1.5
3/29/2023,20,28.045471,27.525599,1.5,1.3
3/30/2023,20,28.938961,28.481277,0.1,2.7
3/31/2023,20,28.971355,28.799957,2.2,0.7
3/1/2023,21,29.32496,29.468132,3.1,1.2
3/2/2023,21,27.540613,28.660437,0.8,0.1
3/3/2023,21,27.762844,28.770826,0.8,1.6
3/4/2023,21,27.598522,28.261286,0.4,2.3
3/5/2023,21,28.087511,28.921854,2.1,1.6
3/6/2023,21,28.889627,29.025965,1.6,1.8
3/7/2023,21,29.514545,29.177212,1.3,1.2
3/8/2023,21,30.10671,30.164572,0.3,0.4
3/9/2023,21,30.599083,30.837889,0.8,2.3
3/10/2023,21,29.121803,29.465336,0.6,0.4
3/11/2023,21,28.864773,29.639622,1.0,4.0
3/12/2023,21,29.555676,29.409632,4.0,0.3
3/13/2023,21,26.845095,28.803974,2.9,4.1
3/14/2023,21,29.889046,29.667608,3.0,1.2
3/15/2023,21,31.625315,31.055595,0.7,0.1
3/16/2023,21,29.854414,29.904318,1.3,2.4
3/17/2023,21,31.245415,31.259357,1.1,0.0
3/18/2023,21,31.784227,31.491205,0.5,1.1
3/19/2023,21,31.00768,30.823343,0.6,0.1
3/20/2023,21,30.44531,29.926353,0.3,4.6
3/21/2023,21,31.451998,30.766396,3.0,2.9
3/22/2023,21,35.17253,33.861008,1.5,3.5
3/23/2023,21,33.962254,32.84038,3.4,3.3
3/24/2023,21,34.570595,33.921097,1.5,1.7
3/25/2023,21,34.11934,33.902103,1.9,1.3
3/26/2023,21,33.813736,33.32747,1.2,1.6
3/27/2023,21,33.129795,32.87236,1.4,2.1
3/28/2023,21,33.236526,33.006752,2.4,0.6
3/29/2023,21,33.108906,32.911366,0.7,5.1
3/30/2023,21,33.21284,33.43317,4.8,2.4
3/31/2023,21,36.002327,34.995754,0.2,1.9
3/1/2023,22,30.5964,31.447563,1.3,3.1
3/2/2023,22,29.69378,31.17577,1.4,3.6
3/3/2023,22,28.643824,30.116686,1.0,0.6
3/4/2023,22,27.53158,29.063171,2.0,1.4
3/5/2023,22,28.635023,29.600128,0.9,0.9
3/6/2023,22,27.855091,29.3203,0.8,0.2
3/7/2023,22,29.6084,30.37982,0.5,0.2
3/8/2023,22,30.883354,31.616426,0.7,0.5
3/9/2023,22,31.164082,31.74662,0.1,0.9
3/10/2023,22,30.275627,31.159647,0.5,2.2
3/11/2023,22,30.112036,30.697107,1.1,1.9
3/12/2023,22,29.223192,29.791813,0.4,0.7
3/13/2023,22,27.735771,29.08104,2.8,5.2
3/14/2023,22,30.731174,31.201227,3.6,1.6
3/15/2023,22,33.511826,32.8383,0.7,0.9
3/16/2023,22,33.62207,33.282288,0.1,2.9
3/17/2023,22,33.951557,33.74531,2.2,0.1
3/18/2023,22,35.875454,35.331944,2.1,0.6
3/19/2023,22,34.364735,34.47657,1.5,1.4
3/20/2023,22,35.67287,34.704247,0.2,4.1
3/21/2023,22,35.703014,35.170815,3.1,1.6
3/22/2023,22,37.865253,36.801327,1.1,3.2
3/23/2023,22,37.43335,36.213493,2.6,3.1
3/24/2023,22,39.091022,37.36691,0.2,1.2
3/25/2023,22,39.218655,37.584526,0.6,1.3
3/26/2023,22,38.690784,37.405983,2.4,0.7
3/27/2023,22,37.22167,36.285828,0.9,0.1
3/28/2023,22,36.87383,35.971535,0.7,2.4
3/29/2023,22,36.793823,36.648273,1.6,2.1
3/30/2023,22,38.44299,37.87562,0.3,2.1
3/31/2023,22,38.53096,37.627754,1.5,0.8
3/1/2023,23,33.881165,35.082207,3.5,8.9
3/2/2023,23,31.854662,33.55759,5.7,2.2
3/3/2023,23,32.292507,34.11941,0.9,4.8
3/4/2023,23,32.70096,33.789474,3.4,3.3
3/5/2023,23,32.51047,34.1635,2.0,3.0
3/6/2023,23,32.639843,33.779705,1.4,0.1
3/7/2023,23,32.75079,34.050343,1.1,3.4
3/8/2023,23,34.395645,34.231506,3.7,1.7
3/9/2023,23,32.88238,34.0353,0.4,2.5
3/10/2023,23,33.117252,33.913574,1.6,0.1
3/11/2023,23,32.853504,33.47779,1.1,1.6
3/12/2023,23,34.36525,34.48687,2.5,0.8
3/13/2023,23,33.028934,33.476746,0.7,2.0
3/14/2023,23,34.153557,34.237972,1.3,0.8
3/15/2023,23,34.967484,34.429123,1.6,0.6
3/16/2023,23,33.95992,33.86424,0.2,0.8
3/17/2023,23,34.52695,34.128613,1.4,0.7
3/18/2023,23,34.600327,34.464764,1.2,1.3
3/19/2023,23,34.063156,33.697372,0.9,1.6
3/20/2023,23,33.302753,33.453278,2.0,3.3
3/21/2023,23,35.28254,34.741066,1.5,2.3
3/22/2023,23,36.321896,35.473343,0.7,1.2
3/23/2023,23,36.90123,36.111843,2.6,1.6
3/24/2023,23,35.138447,34.863354,2.6,5.7
3/25/2023,23,36.50993,35.718792,4.1,0.2
3/26/2023,23,37.323215,36.473595,1.8,3.0
3/27/2023,23,35.79769,35.347168,3.7,0.2
3/28/2023,23,37.594078,36.73725,2.5,0.7
3/29/2023,23,35.782074,35.715557,0.2,1.5
3/30/2023,23,36.206917,35.991837,1.0,3.7
3/31/2023,23,37.599857,37.18096,2.1,0.2
