date,station,tomorrow,day_after_tomorrow,1day_abs_error,2day_abs_error
2023-03-01,1,29,28,2.0,2.5
2023-03-02,1,28,29,2.5,3.3
2023-03-03,1,28,30,4.3,0.4
2023-03-04,1,27,27,3.4,4.1
2023-03-05,1,27,28,4.1,4.3
2023-03-06,1,28,28,4.3,6.3
2023-03-07,1,29,29,5.3,4.2
2023-03-08,1,30,30,3.2,2.6
2023-03-09,1,28,28,4.6,2.2
2023-03-10,1,28,28,2.2,5.3
2023-03-11,1,29,29,4.3,1.4
2023-03-12,1,28,28,2.4,6.1
2023-03-13,1,30,30,4.1,5.6
2023-03-14,1,31,31,4.6,4.7
2023-03-15,1,32,33,3.7,0.9
2023-03-16,1,31,31,2.9,5.6
2023-03-17,1,32,31,4.6,3.3
2023-03-18,1,30,30,4.3,5.1
2023-03-19,1,31,31,4.1,6.4
2023-03-20,1,32,32,5.4,8.8
2023-03-21,1,33,34,7.8,6.6
2023-03-22,1,34,41,6.6,2.1
2023-03-23,1,35,35,3.9,4.0
2023-03-24,1,35,36,4.0,0.5
2023-03-25,1,33,34,3.5,4.1
2023-03-26,1,33,34,5.1,2.2
2023-03-27,1,33,32,3.2,3.1
2023-03-28,1,31,31,4.1,8.0
2023-03-29,1,34,32,5.0,7.1
2023-03-30,1,34,33,5.1,7.8
2023-03-31,1,33,40,7.8,2.3
2023-04-01,1,34,37,3.7,1.9
2023-04-02,1,34,34,4.9,2.0
2023-04-03,1,32,31,4.0,3.2
2023-04-04,1,31,31,3.2,6.9
2023-04-05,1,31,32,6.9,8.9
2023-04-06,1,31,33,9.9,3.4
2023-04-07,1,33,34,3.4,0.3
2023-04-08,1,32,32,2.3,4.1
2023-04-09,1,33,32,3.1,3.4
2023-04-10,1,32,36,3.4,6.1
2023-04-11,1,27,28,2.9,2.1
2023-04-12,1,30,31,0.1,5.0
2023-04-13,1,33,31,3.0,8.6
2023-04-14,1,29,30,10.6,10.4
2023-04-15,1,34,39,6.4,5.1
2023-04-16,1,35,37,9.1,2.1
2023-04-17,1,35,34,4.1,8.7
2023-04-18,1,36,37,6.7,4.1
2023-04-19,1,37,44,4.1,2.2
2023-04-20,1,37,41,4.8,1.9
2023-04-21,1,37,37,5.9,5.6
2023-04-22,1,36,40,6.6,0.4
2023-04-23,1,35,36,4.6,2.7
2023-04-24,1,33,36,5.7,2.4
2023-04-25,1,36,37,2.4,1.7
2023-04-26,1,38,39,0.7,0.8
2023-04-27,1,40,40,0.2,1.9
2023-04-28,1,40,41,1.9,0.6
2023-04-29,1,40,40,1.6,2.0
2023-04-30,1,37,36,5.0,4.3
2023-05-01,1,37,36,3.3,1.3
2023-05-02,1,40,39,2.7,3.5
2023-05-03,1,38,38,2.5,0.7
2023-05-04,1,37,38,1.7,3.7
2023-05-05,1,40,39,1.7,2.0
2023-05-06,1,40,39,1.0,7.3
2023-05-07,1,41,40,5.3,5.6
2023-05-08,1,39,40,6.6,4.7
2023-05-09,1,44,42,0.7,1.1
2023-05-10,1,42,42,1.1,0.3
2023-05-11,1,42,42,0.3,0.4
2023-05-12,1,42,42,0.4,2.3
2023-05-13,1,41,40,1.3,2.6
2023-05-14,1,42,42,0.6,1.0
2023-05-15,1,42,44,1.0,1.0
2023-05-16,1,42,41,3.0,2.5
2023-05-17,1,44,44,0.5,0.5
2023-05-18,1,45,43,0.5,8.0
2023-05-19,1,45,45,10.0,3.5
2023-05-20,1,35,35,6.5,8.1
2023-05-21,1,38,40,5.1,2.6
2023-05-22,1,45,44,2.4,0.9
2023-05-23,1,43,43,0.1,2.8
2023-05-24,1,42,43,3.8,0.6
2023-05-25,1,44,44,1.6,0.2
2023-05-26,1,41,41,2.8,0.3
2023-05-27,1,41,41,0.3,0.2
2023-05-28,1,41,40,0.2,2.4
2023-05-29,1,41,40,3.4,1.4
2023-05-30,1,40,39,1.4,1.8
2023-05-31,1,39,38,1.8,0.9
2023-03-01,2,24,24,0.2,1.9
2023-03-02,2,21,21,1.1,2.0
2023-03-03,2,19,19,4.0,2.8
2023-03-04,2,23,23,1.2,1.0
2023-03-05,2,23,23,1.0,1.4
2023-03-06,2,23,23,1.4,0.1
2023-03-07,2,23,24,0.1,2.9
2023-03-08,2,23,24,1.9,0.5
2023-03-09,2,23,23,0.5,1.9
2023-03-10,2,23,23,1.9,2.5
2023-03-11,2,23,24,2.5,2.2
2023-03-12,2,23,20,1.2,4.0
2023-03-13,2,24,24,0.0,1.0
2023-03-14,2,25,26,0.0,1.6
2023-03-15,2,27,28,2.6,2.0
2023-03-16,2,25,25,1.0,0.2
2023-03-17,2,25,25,0.2,2.1
2023-03-18,2,26,26,3.1,0.1
2023-03-19,2,26,26,0.1,0.4
2023-03-20,2,26,26,0.4,2.7
2023-03-21,2,28,27,0.7,1.7
2023-03-22,2,29,28,0.3,1.3
2023-03-23,2,28,32,1.3,5.2
2023-03-24,2,28,28,1.2,3.9
2023-03-25,2,28,29,3.9,1.8
2023-03-26,2,24,29,3.2,2.2
2023-03-27,2,26,26,0.8,2.7
2023-03-28,2,25,25,1.7,1.3
2023-03-29,2,26,27,2.3,1.1
2023-03-30,2,26,26,0.1,0.1
2023-03-31,2,27,28,0.9,1.8
2023-04-01,2,27,27,0.8,2.8
2023-04-02,2,26,27,1.8,3.6
2023-04-03,2,26,26,2.6,2.0
2023-04-04,2,25,25,1.0,4.0
2023-04-05,2,25,25,4.0,0.1
2023-04-06,2,26,25,1.1,0.7
2023-04-07,2,26,26,1.7,3.2
2023-04-08,2,25,25,2.2,0.7
2023-04-09,2,25,25,0.7,0.6
2023-04-10,2,25,25,0.6,0.2
2023-04-11,2,27,28,1.8,2.2
2023-04-12,2,24,24,1.8,2.8
2023-04-13,2,25,24,3.8,0.5
2023-04-14,2,27,28,3.5,4.1
2023-04-15,2,25,24,1.1,0.9
2023-04-16,2,28,29,3.1,3.1
2023-04-17,2,28,28,2.1,0.3
2023-04-18,2,28,29,0.3,0.5
2023-04-19,2,28,31,0.5,4.0
2023-04-20,2,28,30,1.0,3.0
2023-04-21,2,28,28,1.0,4.9
2023-04-22,2,28,30,4.9,5.0
2023-04-23,2,28,28,3.0,4.1
2023-04-24,2,26,26,2.1,1.2
2023-04-25,2,25,27,0.2,0.5
2023-04-26,2,24,28,2.5,2.2
2023-04-27,2,26,25,0.2,2.8
2023-04-28,2,27,27,0.8,0.8
2023-04-29,2,26,25,1.8,2.4
2023-04-30,2,27,27,0.4,1.2
2023-05-01,2,27,27,1.2,0.0
2023-05-02,2,28,28,1.0,2.5
2023-05-03,2,28,27,2.5,3.2
2023-05-04,2,27,28,3.2,0.2
2023-05-05,2,27,27,1.2,0.0
2023-05-06,2,27,27,0.0,2.4
2023-05-07,2,26,26,1.4,0.2
2023-05-08,2,24,25,2.2,0.7
2023-05-09,2,25,26,0.7,1.1
2023-05-10,2,25,25,0.1,0.1
2023-05-11,2,25,24,0.1,0.4
2023-05-12,2,25,26,0.6,1.0
2023-05-13,2,26,26,1.0,1.3
2023-05-14,2,27,28,2.3,7.1
2023-05-15,2,27,26,6.1,2.9
2023-05-16,2,27,26,3.9,1.5
2023-05-17,2,27,26,2.5,5.6
2023-05-18,2,26,27,5.6,5.4
2023-05-19,2,25,24,3.4,1.2
2023-05-20,2,25,24,0.2,4.8
2023-05-21,2,25,24,5.8,0.9
2023-05-22,2,24,25,0.9,0.7
2023-05-23,2,24,25,0.3,1.5
2023-05-24,2,24,23,0.5,0.1
2023-05-25,2,22,21,0.9,0.7
2023-05-26,2,23,24,2.7,2.6
2023-05-27,2,25,26,1.6,4.6
2023-05-28,2,27,27,5.6,10.4
2023-05-29,2,21,21,4.4,6.3
2023-05-30,2,22,21,7.3,4.5
2023-05-31,2,23,23,6.5,2.1
2023-03-01,3,26,26,4.3,4.1
2023-03-02,3,26,26,4.1,3.9
2023-03-03,3,26,26,3.9,3.6
2023-03-04,3,26,26,3.6,6.3
2023-03-05,3,25,25,7.3,7.3
2023-03-06,3,25,25,7.3,7.9
2023-03-07,3,25,25,7.9,7.1
2023-03-08,3,26,26,6.1,3.4
2023-03-09,3,25,25,4.4,6.0
2023-03-10,3,25,25,6.0,8.4
2023-03-11,3,25,25,8.4,2.8
2023-03-12,3,26,26,1.8,5.6
2023-03-13,3,25,25,6.6,10.3
2023-03-14,3,26,26,9.3,9.8
2023-03-15,3,27,27,8.8,5.0
2023-03-16,3,26,26,6.0,10.0
2023-03-17,3,26,26,10.0,6.4
2023-03-18,3,27,27,5.4,7.5
2023-03-19,3,26,26,8.5,8.5
2023-03-20,3,27,27,7.5,8.7
2023-03-21,3,26,26,9.7,13.7
2023-03-22,3,29,29,10.7,8.7
2023-03-23,3,30,30,7.7,6.8
2023-03-24,3,30,30,6.8,7.1
2023-03-25,3,29,29,8.1,8.3
2023-03-26,3,30,30,7.3,4.8
2023-03-27,3,29,29,5.8,7.6
2023-03-28,3,29,29,7.6,9.2
2023-03-29,3,29,29,9.2,10.7
2023-03-30,3,28,28,11.7,8.0
2023-03-31,3,30,32,6.0,7.7
2023-04-01,3,29,29,10.7,5.7
2023-04-02,3,30,30,4.7,1.5
2023-04-03,3,28,28,0.5,5.0
2023-04-04,3,28,28,5.0,8.5
2023-04-05,3,29,29,7.5,8.4
2023-04-06,3,29,29,8.4,6.5
2023-04-07,3,29,29,6.5,5.3
2023-04-08,3,28,28,6.3,6.8
2023-04-09,3,28,28,6.8,6.3
2023-04-10,3,28,29,6.3,5.0
2023-04-11,3,30,33,4.0,1.4
2023-04-12,3,33,35,1.4,1.4
2023-04-13,3,29,29,7.4,9.6
2023-04-14,3,33,33,5.6,5.8
2023-04-15,3,31,31,7.8,5.2
2023-04-16,3,31,31,5.2,9.1
2023-04-17,3,31,31,9.1,9.9
2023-04-18,3,30,31,10.9,8.9
2023-04-19,3,35,34,4.9,9.5
2023-04-20,3,34,33,9.5,5.7
2023-04-21,3,33,32,5.7,5.4
2023-04-22,3,33,32,4.4,4.9
2023-04-23,3,31,31,5.9,5.0
2023-04-24,3,30,30,6.0,7.7
2023-04-25,3,31,31,6.7,4.3
2023-04-26,3,32,32,3.3,6.6
2023-04-27,3,36,32,2.6,6.2
2023-04-28,3,40,41,1.8,0.9
2023-04-29,3,36,32,5.9,7.2
2023-04-30,3,32,33,7.2,6.7
2023-05-01,3,32,33,7.7,6.2
2023-05-02,3,38,38,1.2,0.9
2023-05-03,3,39,38,0.1,0.9
2023-05-04,3,39,39,1.9,0.5
2023-05-05,3,37,37,1.5,3.1
2023-05-06,3,38,38,2.1,6.0
2023-05-07,3,39,39,5.0,1.6
2023-05-08,3,37,36,3.6,1.3
2023-05-09,3,40,42,2.7,8.8
2023-05-10,3,37,37,3.8,2.8
2023-05-11,3,35,37,0.8,2.2
2023-05-12,3,35,36,4.2,2.4
2023-05-13,3,39,39,5.4,1.3
2023-05-14,3,32,32,5.7,8.9
2023-05-15,3,39,39,1.9,4.1
2023-05-16,3,41,40,2.1,5.3
2023-05-17,3,44,44,1.3,2.0
2023-05-18,3,45,43,3.0,2.1
2023-05-19,3,45,44,4.1,2.1
2023-05-20,3,42,42,0.1,1.9
2023-05-21,3,42,41,1.9,1.6
2023-05-22,3,45,43,2.4,6.2
2023-05-23,3,44,44,7.2,4.5
2023-05-24,3,39,38,0.5,0.9
2023-05-25,3,40,40,1.1,2.3
2023-05-26,3,40,39,2.3,0.4
2023-05-27,3,40,39,0.6,1.6
2023-05-28,3,40,39,0.6,1.1
2023-05-29,3,41,41,3.1,4.9
2023-05-30,3,38,39,1.9,0.5
2023-05-31,3,39,39,0.5,5.1
2023-03-01,4,23,23,0.2,0.1
2023-03-02,4,22,22,0.9,1.7
2023-03-03,4,22,22,1.7,1.2
2023-03-04,4,22,21,1.2,3.2
2023-03-05,4,22,22,2.2,2.7
2023-03-06,4,22,22,2.7,2.5
2023-03-07,4,22,23,2.5,2.3
2023-03-08,4,23,23,2.3,2.0
2023-03-09,4,22,22,3.0,3.1
2023-03-10,4,22,22,3.1,2.6
2023-03-11,4,22,23,2.6,2.7
2023-03-12,4,22,22,1.7,0.5
2023-03-13,4,23,23,0.5,1.4
2023-03-14,4,23,23,1.4,1.1
2023-03-15,4,24,24,0.1,0.1
2023-03-16,4,24,24,0.1,0.9
2023-03-17,4,24,24,0.9,0.3
2023-03-18,4,24,24,0.3,5.0
2023-03-19,4,25,25,4.0,4.0
2023-03-20,4,26,26,3.0,5.2
2023-03-21,4,27,27,4.2,5.1
2023-03-22,4,29,29,3.1,3.7
2023-03-23,4,27,27,5.7,2.1
2023-03-24,4,27,27,2.1,4.8
2023-03-25,4,28,28,3.8,5.4
2023-03-26,4,25,25,2.4,0.0
2023-03-27,4,25,25,0.0,2.2
2023-03-28,4,25,25,2.2,6.6
2023-03-29,4,26,26,5.6,2.7
2023-03-30,4,26,26,2.7,2.0
2023-03-31,4,26,26,2.0,1.4
2023-04-01,4,26,26,1.4,0.7
2023-04-02,4,25,24,0.3,2.6
2023-04-03,4,25,25,1.6,3.9
2023-04-04,4,27,27,1.9,2.7
2023-04-05,4,26,27,3.7,4.6
2023-04-06,4,26,27,5.6,4.8
2023-04-07,4,24,24,1.8,0.6
2023-04-08,4,23,23,0.4,2.3
2023-04-09,4,24,24,1.3,2.2
2023-04-10,4,25,25,1.2,4.0
2023-04-11,4,26,27,3.0,0.0
2023-04-12,4,27,27,0.0,3.9
2023-04-13,4,28,28,2.9,5.0
2023-04-14,4,28,28,5.0,1.3
2023-04-15,4,27,27,2.3,2.3
2023-04-16,4,28,28,1.3,3.6
2023-04-17,4,28,29,3.6,5.6
2023-04-18,4,30,31,4.6,3.1
2023-04-19,4,31,31,3.1,2.0
2023-04-20,4,29,29,4.0,1.0
2023-04-21,4,28,28,0.0,0.4
2023-04-22,4,28,28,0.4,0.0
2023-04-23,4,27,27,1.0,0.7
2023-04-24,4,26,26,1.7,1.4
2023-04-25,4,27,28,0.4,0.3
2023-04-26,4,29,30,0.7,0.5
2023-04-27,4,29,28,1.5,6.0
2023-04-28,4,30,31,4.0,2.7
2023-04-29,4,29,28,4.7,1.9
2023-04-30,4,28,28,1.9,2.3
2023-05-01,4,28,28,2.3,3.6
2023-05-02,4,30,32,1.6,0.2
2023-05-03,4,33,32,0.8,2.1
2023-05-04,4,33,33,1.1,2.3
2023-05-05,4,32,33,3.3,5.3
2023-05-06,4,34,34,4.3,1.9
2023-05-07,4,37,36,4.9,9.1
2023-05-08,4,35,34,8.1,8.3
2023-05-09,4,32,32,6.3,2.8
2023-05-10,4,27,28,2.2,0.4
2023-05-11,4,27,29,0.6,0.1
2023-05-12,4,29,29,0.1,6.5
2023-05-13,4,37,36,1.5,12.8
2023-05-14,4,32,30,8.8,3.9
2023-05-15,4,27,30,0.9,7.4
2023-05-16,4,33,32,4.4,5.1
2023-05-17,4,35,36,2.1,1.2
2023-05-18,4,37,37,0.2,0.5
2023-05-19,4,37,38,0.5,0.5
2023-05-20,4,37,38,1.5,0.3
2023-05-21,4,39,39,0.7,6.2
2023-05-22,4,38,39,5.2,7.2
2023-05-23,4,33,33,1.2,2.4
2023-05-24,4,32,31,3.4,0.2
2023-05-25,4,32,30,1.2,2.1
2023-05-26,4,29,33,3.1,1.0
2023-05-27,4,31,32,1.0,1.4
2023-05-28,4,32,31,1.4,1.8
2023-05-29,4,30,30,0.8,1.2
2023-05-30,4,32,31,0.8,1.7
2023-05-31,4,31,30,1.7,8.8
2023-03-01,5,28,28,2.3,2.7
2023-03-02,5,28,28,2.7,3.8
2023-03-03,5,28,29,3.8,1.0
2023-03-04,5,27,27,3.0,6.0
2023-03-05,5,27,27,6.0,6.7
2023-03-06,5,28,28,5.7,6.0
2023-03-07,5,28,28,6.0,4.5
2023-03-08,5,28,28,4.5,5.8
2023-03-09,5,27,27,6.8,3.8
2023-03-10,5,28,28,2.8,2.3
2023-03-11,5,28,28,2.3,3.9
2023-03-12,5,28,28,3.9,3.9
2023-03-13,5,29,29,2.9,4.4
2023-03-14,5,29,29,4.4,5.1
2023-03-15,5,30,30,4.1,3.5
2023-03-16,5,29,29,4.5,3.0
2023-03-17,5,30,29,2.0,3.9
2023-03-18,5,29,30,3.9,2.7
2023-03-19,5,29,29,3.7,2.8
2023-03-20,5,29,30,2.8,4.1
2023-03-21,5,29,29,5.1,5.8
2023-03-22,5,31,33,3.8,4.1
2023-03-23,5,32,32,5.1,5.7
2023-03-24,5,32,32,5.7,6.0
2023-03-25,5,32,31,6.0,6.7
2023-03-26,5,32,31,5.7,4.5
2023-03-27,5,32,31,3.5,4.7
2023-03-28,5,31,31,4.7,4.0
2023-03-29,5,31,30,4.0,6.9
2023-03-30,5,32,32,4.9,5.7
2023-03-31,5,32,34,5.7,4.5
2023-04-01,5,32,33,6.5,3.8
2023-04-02,5,33,33,3.8,2.5
2023-04-03,5,32,31,3.5,4.0
2023-04-04,5,30,31,5.0,4.0
2023-04-05,5,31,31,4.0,5.0
2023-04-06,5,31,31,5.0,5.8
2023-04-07,5,31,32,5.8,0.6
2023-04-08,5,31,31,1.6,5.1
2023-04-09,5,31,31,5.1,3.8
2023-04-10,5,31,30,3.8,1.2
2023-04-11,5,27,28,1.8,3.6
2023-04-12,5,30,30,1.6,6.0
2023-04-13,5,32,33,4.0,5.3
2023-04-14,5,32,33,6.3,6.3
2023-04-15,5,33,34,6.3,5.6
2023-04-16,5,34,35,5.6,4.6
2023-04-17,5,36,35,3.6,4.5
2023-04-18,5,35,35,4.5,4.1
2023-04-19,5,36,35,3.1,5.6
2023-04-20,5,36,35,4.6,4.6
2023-04-21,5,37,36,2.6,4.1
2023-04-22,5,36,37,4.1,2.4
2023-04-23,5,34,34,5.4,2.7
2023-04-24,5,34,35,2.7,2.4
2023-04-25,5,36,36,1.4,2.5
2023-04-26,5,37,37,1.5,1.9
2023-04-27,5,38,37,0.9,2.4
2023-04-28,5,38,39,1.4,1.3
2023-04-29,5,38,37,2.3,3.3
2023-04-30,5,37,37,3.3,3.3
2023-05-01,5,37,37,3.3,1.3
2023-05-02,5,39,41,0.7,1.9
2023-05-03,5,39,41,0.1,4.1
2023-05-04,5,40,40,3.1,0.6
2023-05-05,5,37,39,3.6,2.5
2023-05-06,5,38,39,3.5,3.9
2023-05-07,5,40,41,2.9,1.4
2023-05-08,5,39,36,3.4,4.8
2023-05-09,5,41,40,0.2,0.9
2023-05-10,5,42,41,1.1,1.3
2023-05-11,5,42,41,2.3,1.2
2023-05-12,5,41,42,1.2,0.8
2023-05-13,5,40,41,1.2,0.2
2023-05-14,5,40,40,1.2,2.8
2023-05-15,5,40,40,2.8,3.6
2023-05-16,5,42,40,1.6,7.3
2023-05-17,5,42,41,5.3,4.2
2023-05-18,5,45,47,0.2,8.7
2023-05-19,5,42,41,3.7,0.2
2023-05-20,5,39,40,1.8,1.2
2023-05-21,5,39,38,2.2,5.9
2023-05-22,5,43,42,0.9,0.3
2023-05-23,5,44,43,2.3,1.8
2023-05-24,5,42,43,0.8,1.1
2023-05-25,5,40,40,1.9,1.5
2023-05-26,5,41,42,2.5,1.5
2023-05-27,5,41,41,2.5,1.2
2023-05-28,5,42,41,0.2,5.0
2023-05-29,5,41,40,5.0,3.6
2023-05-30,5,37,37,0.6,3.4
2023-05-31,5,40,39,0.4,4.2
2023-03-01,6,30,29,3.0,1.1
2023-03-02,6,30,30,0.1,1.9
2023-03-03,6,30,31,1.9,0.4
2023-03-04,6,29,30,2.4,1.1
2023-03-05,6,28,29,3.1,3.2
2023-03-06,6,29,29,3.2,4.2
2023-03-07,6,30,30,3.2,3.9
2023-03-08,6,30,30,3.9,2.2
2023-03-09,6,28,29,4.2,2.8
2023-03-10,6,29,29,2.8,3.3
2023-03-11,6,30,30,2.3,2.2
2023-03-12,6,29,28,3.2,5.4
2023-03-13,6,30,30,3.4,4.3
2023-03-14,6,31,32,3.3,2.7
2023-03-15,6,32,34,2.7,2.6
2023-03-16,6,32,32,4.6,4.4
2023-03-17,6,33,34,3.4,0.4
2023-03-18,6,32,31,2.4,4.1
2023-03-19,6,32,32,3.1,5.4
2023-03-20,6,33,32,4.4,4.0
2023-03-21,6,34,34,2.0,4.0
2023-03-22,6,35,38,3.0,1.2
2023-03-23,6,36,37,3.2,0.1
2023-03-24,6,35,34,1.9,5.4
2023-03-25,6,33,34,6.4,3.7
2023-03-26,6,34,37,3.7,0.8
2023-03-27,6,33,32,4.8,3.5
2023-03-28,6,33,32,2.5,7.2
2023-03-29,6,34,34,5.2,4.5
2023-03-30,6,34,33,4.5,5.1
2023-03-31,6,34,34,4.1,5.2
2023-04-01,6,34,35,5.2,3.0
2023-04-02,6,35,36,3.0,0.9
2023-04-03,6,33,35,3.9,0.7
2023-04-04,6,32,33,3.7,4.0
2023-04-05,6,33,34,4.0,5.0
2023-04-06,6,34,33,5.0,3.8
2023-04-07,6,34,36,2.8,0.5
2023-04-08,6,33,33,3.5,3.1
2023-04-09,6,33,32,3.1,5.4
2023-04-10,6,34,46,3.4,9.4
2023-04-11,6,32,42,4.6,6.0
2023-04-12,6,34,44,2.0,8.6
2023-04-13,6,33,30,2.4,7.2
2023-04-14,6,36,38,1.2,1.2
2023-04-15,6,34,38,5.2,2.5
2023-04-16,6,36,40,4.5,0.7
2023-04-17,6,36,37,4.7,2.6
2023-04-18,6,36,34,3.6,4.5
2023-04-19,6,36,38,2.5,3.3
2023-04-20,6,37,38,4.3,3.7
2023-04-21,6,37,37,4.7,3.1
2023-04-22,6,36,38,4.1,2.2
2023-04-23,6,35,34,5.2,5.5
2023-04-24,6,34,38,5.5,0.5
2023-04-25,6,35,37,3.5,2.3
2023-04-26,6,36,36,3.3,2.8
2023-04-27,6,38,39,0.8,1.8
2023-04-28,6,39,40,1.8,2.7
2023-04-29,6,38,39,4.7,3.3
2023-04-30,6,40,37,2.3,1.5
2023-05-01,6,40,37,1.5,0.6
2023-05-02,6,39,39,1.4,2.2
2023-05-03,6,38,38,1.2,1.2
2023-05-04,6,38,38,1.2,2.1
2023-05-05,6,37,38,3.1,2.1
2023-05-06,6,39,38,1.1,4.4
2023-05-07,6,40,39,2.4,2.4
2023-05-08,6,39,37,2.4,5.3
2023-05-09,6,39,40,3.3,3.3
2023-05-10,6,42,42,1.3,3.6
2023-05-11,6,43,42,4.6,2.3
2023-05-12,6,37,37,2.7,1.4
2023-05-13,6,40,39,1.6,4.2
2023-05-14,6,40,42,3.2,2.2
2023-05-15,6,41,42,1.2,1.8
2023-05-16,6,42,40,1.8,2.7
2023-05-17,6,40,40,2.7,1.6
2023-05-18,6,43,42,1.4,3.0
2023-05-19,6,43,42,4.0,0.3
2023-05-20,6,40,39,2.3,2.4
2023-05-21,6,41,41,0.4,0.1
2023-05-22,6,40,41,1.1,0.7
2023-05-23,6,41,41,0.7,1.0
2023-05-24,6,42,35,0.0,6.1
2023-05-25,6,42,41,0.9,2.2
2023-05-26,6,40,39,1.2,2.9
2023-05-27,6,40,40,1.9,5.4
2023-05-28,6,40,41,5.4,2.0
2023-05-29,6,43,40,4.0,1.1
2023-05-30,6,39,38,2.1,3.0
2023-05-31,6,41,39,0.0,2.7
2023-03-01,7,28,28,1.2,0.9
2023-03-02,7,28,30,0.9,0.7
2023-03-03,7,28,31,1.3,4.1
2023-03-04,7,24,25,2.9,3.4
2023-03-05,7,25,25,3.4,3.3
2023-03-06,7,26,26,2.3,6.3
2023-03-07,7,28,28,4.3,3.4
2023-03-08,7,29,29,2.4,1.8
2023-03-09,7,25,25,5.8,5.8
2023-03-10,7,26,26,4.8,5.1
2023-03-11,7,28,28,3.1,3.4
2023-03-12,7,29,30,2.4,1.3
2023-03-13,7,29,30,2.3,3.3
2023-03-14,7,30,31,3.3,2.9
2023-03-15,7,31,32,2.9,2.1
2023-03-16,7,30,30,0.1,3.6
2023-03-17,7,30,29,3.6,2.7
2023-03-18,7,29,29,2.7,2.5
2023-03-19,7,29,29,2.5,3.4
2023-03-20,7,30,31,2.4,5.2
2023-03-21,7,33,33,3.2,2.5
2023-03-22,7,33,36,2.5,0.4
2023-03-23,7,34,34,2.4,2.8
2023-03-24,7,34,33,2.8,2.8
2023-03-25,7,33,33,2.8,2.5
2023-03-26,7,33,33,2.5,2.8
2023-03-27,7,32,32,3.8,2.8
2023-03-28,7,31,31,3.8,5.0
2023-03-29,7,33,33,3.0,4.1
2023-03-30,7,33,33,4.1,3.3
2023-03-31,7,34,35,2.3,0.4
2023-04-01,7,33,38,2.4,3.4
2023-04-02,7,32,31,2.6,1.1
2023-04-03,7,31,29,1.1,3.1
2023-04-04,7,29,32,3.1,0.9
2023-04-05,7,31,31,1.9,2.0
2023-04-06,7,30,32,3.0,2.1
2023-04-07,7,31,34,3.1,0.6
2023-04-08,7,31,34,3.6,0.6
2023-04-09,7,31,30,3.6,1.0
2023-04-10,7,30,35,1.0,4.6
2023-04-11,7,31,29,0.6,5.3
2023-04-12,7,34,32,0.3,5.4
2023-04-13,7,36,39,1.4,0.4
2023-04-14,7,36,38,3.4,0.9
2023-04-15,7,36,40,2.9,2.9
2023-04-16,7,36,37,1.1,2.2
2023-04-17,7,36,35,3.2,3.0
2023-04-18,7,35,38,3.0,2.1
2023-04-19,7,38,43,2.1,2.9
2023-04-20,7,37,41,3.1,1.2
2023-04-21,7,36,40,3.8,0.4
2023-04-22,7,36,38,4.4,0.9
2023-04-23,7,34,35,3.1,1.1
2023-04-24,7,32,35,4.1,2.4
2023-04-25,7,33,35,4.4,2.3
2023-04-26,7,34,36,3.3,3.6
2023-04-27,7,36,37,3.6,3.8
2023-04-28,7,39,40,1.8,0.2
2023-04-29,7,36,37,4.2,4.3
2023-04-30,7,35,35,6.3,6.4
2023-05-01,7,35,35,6.4,2.8
2023-05-02,7,39,44,6.8,5.1
2023-05-03,7,40,40,1.1,0.4
2023-05-04,7,39,38,0.6,2.8
2023-05-05,7,37,41,3.8,1.7
2023-05-06,7,39,40,3.7,3.1
2023-05-07,7,42,40,1.1,0.0
2023-05-08,7,39,36,1.0,5.0
2023-05-09,7,41,40,0.0,0.4
2023-05-10,7,42,41,2.4,1.6
2023-05-11,7,42,41,2.6,3.7
2023-05-12,7,41,42,3.7,2.4
2023-05-13,7,42,40,2.4,1.5
2023-05-14,7,39,39,0.5,6.7
2023-05-15,7,40,39,5.7,1.2
2023-05-16,7,46,47,5.8,5.3
2023-05-17,7,42,43,0.3,0.9
2023-05-18,7,42,41,0.1,2.1
2023-05-19,7,42,42,3.1,1.0
2023-05-20,7,40,41,1.0,0.6
2023-05-21,7,41,40,0.6,3.2
2023-05-22,7,43,41,0.2,1.4
2023-05-23,7,42,42,0.4,1.0
2023-05-24,7,42,40,1.0,0.2
2023-05-25,7,41,42,1.2,3.8
2023-05-26,7,40,41,1.8,0.7
2023-05-27,7,39,40,1.3,3.3
2023-05-28,7,39,39,4.3,0.3
2023-05-29,7,40,39,1.3,0.7
2023-05-30,7,40,38,0.3,7.0
2023-05-31,7,40,39,5.0,9.0
2023-03-01,8,32,30,4.5,2.8
2023-03-02,8,31,30,1.8,3.1
2023-03-03,8,30,30,3.1,2.6
2023-03-04,8,31,30,1.6,3.7
2023-03-05,8,30,31,3.7,3.3
2023-03-06,8,30,31,4.3,2.8
2023-03-07,8,31,33,2.8,1.3
2023-03-08,8,31,32,3.3,4.6
2023-03-09,8,30,31,6.6,4.3
2023-03-10,8,30,32,5.3,2.1
2023-03-11,8,31,32,3.1,2.7
2023-03-12,8,31,30,3.7,4.0
2023-03-13,8,31,33,3.0,2.3
2023-03-14,8,33,35,2.3,3.2
2023-03-15,8,34,37,4.2,0.3
2023-03-16,8,33,34,4.3,3.7
2023-03-17,8,33,32,4.7,5.3
2023-03-18,8,35,35,2.3,2.5
2023-03-19,8,34,35,3.5,2.9
2023-03-20,8,35,34,2.9,6.5
2023-03-21,8,35,36,5.5,2.7
2023-03-22,8,37,37,1.7,3.0
2023-03-23,8,36,43,4.0,1.9
2023-03-24,8,37,40,4.1,1.6
2023-03-25,8,37,39,4.6,1.1
2023-03-26,8,36,45,4.1,6.0
2023-03-27,8,34,34,5.0,8.1
2023-03-28,8,35,35,7.1,0.9
2023-03-29,8,35,37,0.9,4.6
2023-03-30,8,36,36,5.6,5.1
2023-03-31,8,35,35,6.1,3.7
2023-04-01,8,34,35,4.7,4.3
2023-04-02,8,36,36,3.3,4.7
2023-04-03,8,35,35,5.7,2.6
2023-04-04,8,34,33,3.6,6.5
2023-04-05,8,34,34,5.5,2.7
2023-04-06,8,35,34,1.7,4.3
2023-04-07,8,35,38,3.3,0.4
2023-04-08,8,34,34,3.6,3.9
2023-04-09,8,34,35,3.9,4.8
2023-04-10,8,34,36,5.8,3.6
2023-04-11,8,36,43,3.6,3.6
2023-04-12,8,36,40,3.4,1.3
2023-04-13,8,34,32,4.7,8.1
2023-04-14,8,35,39,5.1,1.6
2023-04-15,8,36,33,1.4,10.5
2023-04-16,8,38,40,5.5,0.1
2023-04-17,8,37,37,3.1,8.6
2023-04-18,8,37,39,8.6,4.3
2023-04-19,8,38,44,5.3,1.4
2023-04-20,8,38,42,4.6,1.2
2023-04-21,8,38,40,5.2,2.6
2023-04-22,8,38,40,4.6,3.3
2023-04-23,8,37,35,6.3,4.8
2023-04-24,8,36,39,3.8,4.5
2023-04-25,8,36,38,7.5,4.3
2023-04-26,8,37,36,5.3,5.5
2023-04-27,8,42,44,0.5,3.2
2023-04-28,8,42,43,1.2,0.6
2023-04-29,8,42,44,1.6,0.4
2023-04-30,8,38,39,6.4,4.7
2023-05-01,8,38,39,5.7,3.8
2023-05-02,8,39,41,3.8,2.3
2023-05-03,8,41,42,2.3,0.5
2023-05-04,8,43,44,0.5,1.7
2023-05-05,8,41,39,1.3,6.8
2023-05-06,8,40,39,5.8,3.4
2023-05-07,8,40,38,2.4,5.4
2023-05-08,8,42,45,1.4,0.8
2023-05-09,8,42,44,2.2,0.7
2023-05-10,8,42,42,1.3,2.4
2023-05-11,8,43,43,1.4,0.0
2023-05-12,8,43,42,0.0,0.5
2023-05-13,8,40,38,2.5,4.5
2023-05-14,8,38,38,4.5,4.5
2023-05-15,8,43,42,0.5,0.8
2023-05-16,8,42,43,0.8,1.0
2023-05-17,8,43,44,1.0,3.6
2023-05-18,8,45,47,4.6,6.6
2023-05-19,8,42,41,1.6,1.5
2023-05-20,8,40,39,2.5,4.4
2023-05-21,8,41,40,2.4,2.3
2023-05-22,8,42,43,0.3,0.4
2023-05-23,8,45,45,2.4,2.8
2023-05-24,8,43,39,0.8,5.5
2023-05-25,8,40,38,4.5,3.2
2023-05-26,8,36,36,5.2,3.6
2023-05-27,8,37,38,2.6,3.0
2023-05-28,8,38,39,3.0,6.4
2023-05-29,8,39,37,6.4,3.5
2023-05-30,8,33,34,7.5,12.9
2023-05-31,8,36,35,10.9,11.9
2023-03-01,9,31,28,1.8,4.7
2023-03-02,9,30,29,2.7,5.6
2023-03-03,9,29,30,5.6,2.3
2023-03-04,9,30,30,2.3,1.2
2023-03-05,9,29,29,2.2,3.3
2023-03-06,9,29,29,3.3,3.7
2023-03-07,9,29,30,3.7,2.8
2023-03-08,9,30,30,2.8,3.0
2023-03-09,9,29,29,4.0,3.7
2023-03-10,9,29,29,3.7,3.6
2023-03-11,9,29,30,3.6,2.4
2023-03-12,9,30,29,2.4,3.6
2023-03-13,9,30,31,2.6,2.7
2023-03-14,9,31,33,2.7,2.4
2023-03-15,9,32,36,3.4,1.9
2023-03-16,9,32,32,2.1,4.0
2023-03-17,9,32,32,4.0,3.2
2023-03-18,9,32,31,3.2,3.4
2023-03-19,9,31,33,3.4,3.3
2023-03-20,9,31,30,5.3,5.1
2023-03-21,9,31,33,4.1,3.2
2023-03-22,9,34,36,2.2,1.1
2023-03-23,9,33,35,4.1,6.2
2023-03-24,9,35,37,6.2,2.1
2023-03-25,9,34,36,5.1,3.1
2023-03-26,9,35,36,4.1,2.9
2023-03-27,9,34,35,4.9,1.7
2023-03-28,9,34,34,2.7,3.9
2023-03-29,9,32,35,5.9,3.9
2023-03-30,9,34,35,4.9,2.5
2023-03-31,9,34,33,3.5,5.8
2023-04-01,9,34,35,4.8,2.4
2023-04-02,9,33,35,4.4,2.2
2023-04-03,9,33,34,4.2,3.1
2023-04-04,9,32,34,5.1,4.3
2023-04-05,9,31,32,7.3,5.1
2023-04-06,9,32,31,5.1,4.8
2023-04-07,9,33,33,2.8,5.6
2023-04-08,9,33,33,5.6,2.0
2023-04-09,9,33,34,2.0,2.4
2023-04-10,9,33,35,3.4,1.2
2023-04-11,9,32,39,4.2,4.0
2023-04-12,9,34,36,1.0,2.6
2023-04-13,9,31,30,2.4,5.6
2023-04-14,9,32,33,3.6,7.2
2023-04-15,9,33,32,7.2,8.1
2023-04-16,9,34,36,6.1,3.4
2023-04-17,9,35,36,4.4,2.7
2023-04-18,9,35,35,3.7,4.2
2023-04-19,9,35,35,4.2,7.5
2023-04-20,9,35,37,7.5,5.3
2023-04-21,9,36,38,6.3,3.5
2023-04-22,9,37,38,4.5,2.4
2023-04-23,9,36,37,4.4,1.0
2023-04-24,9,35,35,3.0,4.5
2023-04-25,9,37,36,2.5,3.8
2023-04-26,9,38,36,1.8,4.8
2023-04-27,9,40,40,0.8,0.6
2023-04-28,9,41,42,0.4,0.1
2023-04-29,9,40,40,1.9,1.9
2023-04-30,9,36,38,5.9,2.7
2023-05-01,9,36,38,4.7,2.5
2023-05-02,9,41,40,0.5,0.2
2023-05-03,9,40,41,0.2,1.1
2023-05-04,9,42,40,0.1,3.1
2023-05-05,9,42,42,1.1,0.3
2023-05-06,9,42,41,0.3,0.4
2023-05-07,9,42,41,0.6,1.0
2023-05-08,9,42,42,0.0,1.6
2023-05-09,9,41,44,0.6,1.1
2023-05-10,9,42,42,0.9,0.4
2023-05-11,9,42,42,0.4,0.2
2023-05-12,9,42,43,0.2,2.6
2023-05-13,9,42,41,1.6,2.3
2023-05-14,9,40,42,3.3,1.8
2023-05-15,9,42,42,1.8,2.2
2023-05-16,9,40,41,4.2,0.7
2023-05-17,9,42,40,1.7,1.3
2023-05-18,9,42,40,0.7,1.3
2023-05-19,9,43,43,1.7,1.1
2023-05-20,9,43,39,1.1,1.3
2023-05-21,9,40,41,0.3,0.6
2023-05-22,9,43,43,2.6,0.8
2023-05-23,9,42,40,0.2,2.7
2023-05-24,9,42,40,0.7,0.2
2023-05-25,9,43,42,3.2,0.7
2023-05-26,9,40,39,2.7,4.3
2023-05-27,9,41,40,2.3,3.1
2023-05-28,9,42,41,1.1,1.4
2023-05-29,9,42,39,0.4,8.3
2023-05-30,9,41,39,6.3,2.0
2023-05-31,9,41,39,0.0,1.2
2023-03-01,10,26,26,2.3,3.5
2023-03-02,10,26,26,3.5,4.4
2023-03-03,10,26,26,4.4,2.3
2023-03-04,10,25,25,3.3,4.7
2023-03-05,10,24,25,5.7,4.9
2023-03-06,10,24,24,5.9,5.9
2023-03-07,10,25,25,4.9,6.0
2023-03-08,10,26,26,5.0,0.4
2023-03-09,10,24,25,2.4,2.8
2023-03-10,10,24,25,3.8,5.3
2023-03-11,10,25,25,5.3,2.3
2023-03-12,10,25,25,2.3,5.3
2023-03-13,10,26,26,4.3,5.9
2023-03-14,10,27,27,4.9,4.6
2023-03-15,10,28,28,3.6,0.8
2023-03-16,10,28,28,0.8,3.9
2023-03-17,10,29,29,2.9,4.9
2023-03-18,10,28,29,5.9,5.8
2023-03-19,10,29,29,5.8,4.8
2023-03-20,10,29,30,4.8,4.0
2023-03-21,10,31,31,3.0,6.9
2023-03-22,10,32,38,5.9,1.7
2023-03-23,10,32,35,4.3,2.7
2023-03-24,10,34,35,3.7,1.9
2023-03-25,10,31,32,5.9,4.5
2023-03-26,10,32,33,4.5,4.1
2023-03-27,10,31,31,6.1,5.0
2023-03-28,10,31,33,5.0,2.6
2023-03-29,10,31,30,4.6,5.2
2023-03-30,10,32,31,3.2,5.3
2023-03-31,10,32,35,4.3,3.0
2023-04-01,10,33,33,5.0,0.6
2023-04-02,10,32,32,1.6,1.7
2023-04-03,10,30,29,3.7,2.4
2023-04-04,10,29,30,2.4,4.6
2023-04-05,10,30,31,4.6,3.8
2023-04-06,10,30,32,4.8,3.0
2023-04-07,10,31,31,4.0,0.1
2023-04-08,10,29,30,1.9,4.8
2023-04-09,10,30,30,4.8,3.8
2023-04-10,10,30,32,3.8,1.5
2023-04-11,10,28,30,2.5,0.7
2023-04-12,10,32,32,1.3,4.7
2023-04-13,10,34,33,2.7,6.7
2023-04-14,10,34,34,5.7,4.2
2023-04-15,10,34,37,4.2,0.6
2023-04-16,10,34,36,2.4,1.1
2023-04-17,10,34,35,3.1,3.3
2023-04-18,10,34,33,4.3,7.4
2023-04-19,10,35,39,5.4,1.9
2023-04-20,10,35,37,5.9,4.3
2023-04-21,10,35,35,6.3,3.9
2023-04-22,10,35,40,3.9,3.9
2023-04-23,10,33,32,3.1,4.0
2023-04-24,10,31,31,5.0,5.4
2023-04-25,10,31,31,5.4,5.0
2023-04-26,10,31,32,5.0,8.1
2023-04-27,10,36,37,4.1,1.7
2023-04-28,10,40,41,4.7,1.4
2023-04-29,10,36,37,3.6,3.9
2023-04-30,10,32,30,8.9,9.6
2023-05-01,10,32,30,7.6,8.6
2023-05-02,10,39,40,0.4,3.1
2023-05-03,10,38,38,1.1,1.7
2023-05-04,10,38,39,1.7,0.1
2023-05-05,10,38,37,0.9,6.4
2023-05-06,10,40,39,3.4,2.7
2023-05-07,10,42,41,0.3,1.2
2023-05-08,10,37,35,2.8,0.3
2023-05-09,10,38,38,2.7,4.2
2023-05-10,10,38,38,4.2,1.4
2023-05-11,10,35,35,1.6,2.1
2023-05-12,10,35,36,2.1,3.2
2023-05-13,10,42,41,2.8,1.4
2023-05-14,10,38,39,1.6,5.6
2023-05-15,10,41,42,3.6,0.3
2023-05-16,10,42,41,0.3,2.5
2023-05-17,10,41,41,2.5,2.4
2023-05-18,10,44,43,0.6,3.4
2023-05-19,10,44,45,4.4,5.2
2023-05-20,10,37,37,2.8,8.6
2023-05-21,10,39,38,6.6,3.6
2023-05-22,10,43,42,1.4,1.1
2023-05-23,10,42,45,1.1,4.4
2023-05-24,10,42,41,1.4,0.9
2023-05-25,10,41,41,0.9,1.3
2023-05-26,10,41,40,1.3,0.3
2023-05-27,10,39,39,1.3,7.0
2023-05-28,10,38,37,8.0,6.6
2023-05-29,10,40,40,3.6,0.8
2023-05-30,10,42,40,1.2,2.0
2023-05-31,10,40,39,2.0,7.0
2023-03-01,11,29,30,4.7,2.0
2023-03-02,11,29,30,3.0,1.2
2023-03-03,11,30,30,1.2,0.8
2023-03-04,11,29,29,1.8,1.4
2023-03-05,11,29,29,1.4,0.9
2023-03-06,11,29,30,0.9,1.3
2023-03-07,11,29,29,2.3,1.9
2023-03-08,11,29,28,1.9,5.7
2023-03-09,11,29,29,4.7,2.5
2023-03-10,11,29,29,2.5,2.9
2023-03-11,11,29,29,2.9,2.9
2023-03-12,11,29,31,2.9,1.8
2023-03-13,11,30,32,2.8,0.3
2023-03-14,11,32,36,0.3,0.1
2023-03-15,11,34,40,1.9,4.7
2023-03-16,11,31,31,4.3,3.6
2023-03-17,11,33,33,1.6,3.4
2023-03-18,11,31,34,5.4,0.8
2023-03-19,11,32,35,2.8,1.7
2023-03-20,11,32,33,1.3,1.5
2023-03-21,11,31,32,3.5,4.4
2023-03-22,11,33,33,3.4,5.4
2023-03-23,11,33,32,5.4,6.7
2023-03-24,11,35,36,3.7,1.8
2023-03-25,11,34,35,3.8,1.1
2023-03-26,11,36,34,0.1,2.9
2023-03-27,11,35,37,1.9,1.8
2023-03-28,11,34,39,4.8,1.2
2023-03-29,11,33,34,4.8,4.0
2023-03-30,11,35,39,3.0,0.8
2023-03-31,11,33,32,5.2,2.8
2023-04-01,11,34,32,0.8,3.8
2023-04-02,11,33,33,2.8,3.6
2023-04-03,11,25,25,11.6,11.1
2023-04-04,11,32,32,4.1,6.3
2023-04-05,11,33,31,5.3,3.6
2023-04-06,11,36,35,1.4,1.8
2023-04-07,11,33,31,3.8,5.4
2023-04-08,11,32,36,4.4,1.6
2023-04-09,11,32,32,2.4,2.4
2023-04-10,11,32,31,2.4,8.1
2023-04-11,11,37,40,2.1,1.0
2023-04-12,11,38,51,3.0,10.0
2023-04-13,11,35,38,6.0,1.4
2023-04-14,11,34,36,5.4,2.2
2023-04-15,11,33,33,5.2,7.7
2023-04-16,11,34,37,6.7,2.5
2023-04-17,11,35,35,4.5,5.2
2023-04-18,11,36,36,4.2,4.5
2023-04-19,11,37,37,3.5,2.8
2023-04-20,11,37,35,2.8,5.6
2023-04-21,11,37,33,3.6,4.7
2023-04-22,11,37,38,0.7,0.8
2023-04-23,11,36,42,1.2,5.9
2023-04-24,11,35,34,1.1,4.2
2023-04-25,11,35,35,3.2,3.0
2023-04-26,11,36,36,2.0,3.4
2023-04-27,11,38,40,1.4,1.6
2023-04-28,11,41,42,0.6,1.5
2023-04-29,11,38,40,2.5,3.3
2023-04-30,11,43,39,0.3,2.5
2023-05-01,11,43,39,1.5,1.4
2023-05-02,11,40,41,0.4,2.1
2023-05-03,11,42,44,1.1,3.2
2023-05-04,11,43,44,2.2,3.4
2023-05-05,11,40,42,0.6,0.5
2023-05-06,11,40,40,1.5,1.1
2023-05-07,11,41,38,0.1,2.8
2023-05-08,11,43,40,2.2,0.5
2023-05-09,11,42,40,1.5,0.4
2023-05-10,11,40,37,0.4,2.2
2023-05-11,11,41,41,1.8,0.2
2023-05-12,11,38,40,3.2,0.6
2023-05-13,11,41,38,0.4,3.9
2023-05-14,11,39,39,2.9,2.9
2023-05-15,11,42,42,0.1,1.5
2023-05-16,11,42,43,1.5,1.8
2023-05-17,11,41,39,0.2,3.6
2023-05-18,11,42,40,0.6,1.8
2023-05-19,11,42,41,0.2,1.5
2023-05-20,11,42,42,0.5,0.4
2023-05-21,11,40,38,1.6,5.5
2023-05-22,11,42,43,1.5,0.3
2023-05-23,11,42,43,0.7,0.9
2023-05-24,11,43,40,0.9,3.3
2023-05-25,11,41,39,2.3,1.1
2023-05-26,11,40,39,0.1,0.3
2023-05-27,11,39,39,0.3,2.2
2023-05-28,11,39,40,2.2,0.3
2023-05-29,11,39,35,1.3,4.8
2023-05-30,11,31,28,8.8,14.4
2023-05-31,11,35,32,7.4,10.9
2023-03-01,12,26,27,5.0,1.1
2023-03-02,12,26,27,2.1,6.9
2023-03-03,12,26,27,7.9,3.2
2023-03-04,12,25,25,5.2,8.2
2023-03-05,12,25,25,8.2,10.1
2023-03-06,12,26,25,9.1,8.9
2023-03-07,12,27,26,6.9,8.3
2023-03-08,12,28,28,6.3,4.3
2023-03-09,12,25,25,7.3,6.9
2023-03-10,12,26,25,5.9,9.3
2023-03-11,12,27,26,7.3,8.1
2023-03-12,12,28,29,6.1,3.8
2023-03-13,12,27,27,5.8,9.3
2023-03-14,12,28,28,8.3,6.2
2023-03-15,12,29,29,5.2,4.6
2023-03-16,12,28,28,5.6,8.3
2023-03-17,12,29,29,7.3,6.5
2023-03-18,12,28,28,7.5,4.6
2023-03-19,12,28,28,4.6,7.0
2023-03-20,12,29,30,6.0,8.0
2023-03-21,12,32,32,6.0,6.4
2023-03-22,12,32,34,6.4,5.7
2023-03-23,12,32,32,7.7,8.8
2023-03-24,12,32,32,8.8,5.1
2023-03-25,12,31,32,6.1,6.1
2023-03-26,12,31,30,7.1,8.2
2023-03-27,12,31,30,7.2,7.1
2023-03-28,12,30,30,7.1,6.5
2023-03-29,12,31,31,5.5,8.9
2023-03-30,12,31,31,8.9,9.4
2023-03-31,12,32,34,8.4,5.8
2023-04-01,12,31,33,8.8,4.8
2023-04-02,12,31,31,6.8,2.5
2023-04-03,12,30,29,3.5,3.9
2023-04-04,12,28,29,4.9,5.1
2023-04-05,12,29,28,5.1,8.0
2023-04-06,12,29,31,7.0,6.6
2023-04-07,12,29,29,8.6,7.5
2023-04-08,12,32,36,4.5,0.8
2023-04-09,12,29,29,6.2,2.3
2023-04-10,12,30,32,1.3,4.2
2023-04-11,12,27,27,0.8,8.8
2023-04-12,12,32,33,3.8,6.4
2023-04-13,12,33,38,6.4,4.8
2023-04-14,12,33,34,9.8,6.1
2023-04-15,12,34,35,6.1,3.2
2023-04-16,12,34,37,4.2,3.7
2023-04-17,12,34,34,6.7,6.5
2023-04-18,12,34,35,6.5,5.6
2023-04-19,12,35,35,5.6,8.3
2023-04-20,12,35,36,8.3,5.5
2023-04-21,12,35,37,6.5,8.6
2023-04-22,12,35,40,10.6,0.5
2023-04-23,12,31,31,8.5,10.7
2023-04-24,12,31,32,10.7,13.3
2023-04-25,12,36,37,9.3,0.6
2023-04-26,12,41,42,4.6,2.2
2023-04-27,12,37,38,7.2,0.8
2023-04-28,12,44,45,5.2,2.3
2023-04-29,12,37,38,5.7,4.1
2023-04-30,12,33,33,9.1,7.4
2023-05-01,12,33,33,7.4,4.3
2023-05-02,12,40,42,11.3,4.6
2023-05-03,12,32,36,5.4,5.9
2023-05-04,12,41,41,0.9,1.3
2023-05-05,12,40,43,2.3,0.6
2023-05-06,12,42,42,0.4,0.6
2023-05-07,12,43,42,0.4,1.2
2023-05-08,12,41,39,2.2,4.4
2023-05-09,12,42,42,1.4,1.0
2023-05-10,12,42,43,1.0,6.8
2023-05-11,12,43,43,6.8,2.3
2023-05-12,12,44,45,3.3,2.2
2023-05-13,12,43,42,0.2,2.0
2023-05-14,12,43,43,3.0,4.1
2023-05-15,12,42,41,3.1,0.9
2023-05-16,12,41,42,0.9,5.0
2023-05-17,12,42,42,5.0,1.5
2023-05-18,12,46,43,5.5,0.6
2023-05-19,12,44,42,1.6,0.9
2023-05-20,12,40,41,2.9,1.1
2023-05-21,12,39,38,3.1,7.4
2023-05-22,12,43,42,2.4,0.2
2023-05-23,12,45,43,3.2,2.0
2023-05-24,12,42,41,1.0,1.0
2023-05-25,12,41,40,1.0,1.4
2023-05-26,12,40,39,1.4,0.6
2023-05-27,12,40,39,1.6,2.1
2023-05-28,12,41,40,0.1,2.9
2023-05-29,12,40,41,2.9,5.4
2023-05-30,12,39,40,3.4,0.9
2023-05-31,12,39,40,0.1,0.5
2023-03-01,13,31,30,0.9,3.9
2023-03-02,13,31,31,2.9,0.9
2023-03-03,13,31,32,0.9,0.5
2023-03-04,13,29,30,3.5,2.4
2023-03-05,13,29,29,3.4,3.7
2023-03-06,13,30,30,2.7,3.8
2023-03-07,13,31,32,2.8,2.4
2023-03-08,13,31,31,3.4,0.2
2023-03-09,13,29,30,2.2,3.0
2023-03-10,13,30,31,3.0,2.0
2023-03-11,13,31,31,2.0,1.0
2023-03-12,13,30,30,0.0,4.0
2023-03-13,13,31,31,3.0,3.2
2023-03-14,13,33,33,1.2,2.7
2023-03-15,13,34,34,1.7,2.1
2023-03-16,13,33,33,3.1,4.0
2023-03-17,13,34,34,3.0,1.7
2023-03-18,13,32,33,3.7,1.7
2023-03-19,13,33,32,1.7,2.8
2023-03-20,13,33,33,1.8,4.1
2023-03-21,13,35,35,2.1,3.8
2023-03-22,13,35,37,3.8,3.3
2023-03-23,13,37,38,3.3,1.6
2023-03-24,13,36,37,3.6,1.8
2023-03-25,13,36,36,2.8,3.4
2023-03-26,13,35,37,4.4,2.9
2023-03-27,13,35,35,4.9,2.6
2023-03-28,13,34,35,3.6,3.2
2023-03-29,13,35,34,3.2,7.7
2023-03-30,13,36,34,5.7,6.1
2023-03-31,13,36,38,4.1,3.1
2023-04-01,13,37,37,4.1,1.0
2023-04-02,13,35,36,3.0,0.7
2023-04-03,13,34,34,1.3,1.1
2023-04-04,13,33,33,2.1,4.5
2023-04-05,13,33,34,4.5,3.2
2023-04-06,13,34,35,3.2,3.3
2023-04-07,13,35,36,3.3,0.2
2023-04-08,13,34,35,1.8,1.8
2023-04-09,13,34,34,2.8,3.3
2023-04-10,13,35,42,2.3,8.9
2023-04-11,13,31,33,2.1,1.2
2023-04-12,13,34,35,2.2,2.3
2023-04-13,13,34,34,3.3,4.4
2023-04-14,13,35,34,3.4,4.2
2023-04-15,13,36,39,2.2,1.1
2023-04-16,13,37,38,3.1,3.3
2023-04-17,13,38,38,3.3,2.5
2023-04-18,13,37,38,3.5,3.1
2023-04-19,13,38,39,3.1,2.5
2023-04-20,13,38,38,3.5,3.4
2023-04-21,13,38,36,3.4,5.7
2023-04-22,13,38,41,3.7,0.6
2023-04-23,13,35,34,5.4,4.4
2023-04-24,13,35,37,3.4,3.0
2023-04-25,13,37,38,3.0,3.5
2023-04-26,13,38,39,3.5,0.8
2023-04-27,13,39,40,0.8,1.1
2023-04-28,13,40,39,1.1,3.9
2023-04-29,13,39,40,3.9,3.5
2023-04-30,13,38,38,5.5,4.3
2023-05-01,13,38,38,4.3,1.8
2023-05-02,13,41,41,1.2,0.4
2023-05-03,13,40,41,1.4,1.8
2023-05-04,13,36,37,6.8,5.6
2023-05-05,13,40,42,2.6,0.3
2023-05-06,13,40,40,1.7,4.1
2023-05-07,13,41,37,3.1,6.8
2023-05-08,13,43,40,0.8,0.3
2023-05-09,13,43,44,2.7,2.3
2023-05-10,13,38,40,3.7,0.8
2023-05-11,13,41,39,0.2,2.9
2023-05-12,13,40,38,1.9,4.8
2023-05-13,13,41,37,1.8,5.3
2023-05-14,13,42,43,0.3,2.1
2023-05-15,13,42,41,1.1,1.2
2023-05-16,13,41,40,1.2,0.4
2023-05-17,13,42,40,1.6,0.9
2023-05-18,13,42,40,1.1,0.2
2023-05-19,13,41,41,0.8,0.4
2023-05-20,13,38,39,2.6,2.9
2023-05-21,13,40,39,1.9,2.9
2023-05-22,13,42,42,0.1,0.3
2023-05-23,13,41,41,1.3,1.2
2023-05-24,13,42,41,0.2,1.1
2023-05-25,13,38,38,4.1,3.0
2023-05-26,13,38,37,3.0,4.9
2023-05-27,13,39,39,2.9,5.2
2023-05-28,13,40,41,4.2,0.6
2023-05-29,13,42,43,0.4,0.8
2023-05-30,13,36,33,7.8,7.0
2023-05-31,13,39,38,1.0,0.0
2023-03-01,14,31,30,0.9,2.3
2023-03-02,14,31,31,1.3,0.1
2023-03-03,14,31,32,0.1,1.4
2023-03-04,14,29,30,1.6,0.5
2023-03-05,14,29,29,1.5,3.1
2023-03-06,14,30,30,2.1,3.4
2023-03-07,14,31,32,2.4,0.2
2023-03-08,14,31,31,1.2,0.4
2023-03-09,14,29,30,1.6,0.9
2023-03-10,14,30,31,0.9,0.4
2023-03-11,14,31,31,0.4,1.1
2023-03-12,14,30,30,0.1,1.9
2023-03-13,14,31,31,0.9,1.8
2023-03-14,14,33,33,0.2,0.2
2023-03-15,14,34,34,0.8,0.5
2023-03-16,14,33,33,1.5,3.8
2023-03-17,14,34,34,2.8,0.4
2023-03-18,14,32,33,2.4,0.6
2023-03-19,14,33,32,0.6,1.4
2023-03-20,14,33,33,0.4,2.9
2023-03-21,14,35,35,0.9,2.0
2023-03-22,14,35,37,2.0,1.5
2023-03-23,14,37,38,1.5,0.3
2023-03-24,14,36,37,1.7,0.9
2023-03-25,14,36,36,0.1,0.7
2023-03-26,14,35,37,1.7,1.0
2023-03-27,14,35,35,1.0,0.1
2023-03-28,14,34,35,0.9,0.9
2023-03-29,14,35,34,0.9,2.6
2023-03-30,14,36,34,0.6,2.5
2023-03-31,14,36,38,0.5,0.8
2023-04-01,14,37,37,0.2,0.3
2023-04-02,14,35,36,1.7,1.0
2023-04-03,14,34,34,1.0,0.0
2023-04-04,14,33,33,1.0,2.4
2023-04-05,14,33,34,2.4,1.4
2023-04-06,14,34,35,1.4,2.2
2023-04-07,14,35,36,2.2,1.7
2023-04-08,14,34,35,3.7,0.1
2023-04-09,14,34,34,1.1,1.2
2023-04-10,14,35,42,0.2,9.0
2023-04-11,14,31,33,2.0,1.7
2023-04-12,14,34,35,2.7,1.2
2023-04-13,14,34,34,2.2,2.8
2023-04-14,14,35,34,1.8,4.0
2023-04-15,14,36,39,2.0,2.0
2023-04-16,14,37,38,0.0,1.7
2023-04-17,14,38,38,1.7,1.3
2023-04-18,14,37,38,2.3,1.8
2023-04-19,14,38,39,1.8,2.0
2023-04-20,14,38,37,3.0,2.0
2023-04-21,14,38,36,1.0,2.5
2023-04-22,14,38,41,0.5,2.0
2023-04-23,14,35,34,4.0,3.2
2023-04-24,14,35,37,2.2,1.1
2023-04-25,14,37,37,1.1,0.6
2023-04-26,14,38,37,0.4,3.1
2023-04-27,14,39,40,1.1,0.9
2023-04-28,14,41,40,0.1,1.6
2023-04-29,14,39,40,0.6,2.9
2023-04-30,14,40,39,2.9,0.8
2023-05-01,14,40,39,0.2,1.9
2023-05-02,14,37,40,0.1,1.9
2023-05-03,14,38,39,0.1,1.5
2023-05-04,14,35,36,5.5,3.4
2023-05-05,14,38,37,1.4,3.1
2023-05-06,14,37,36,3.1,5.6
2023-05-07,14,36,36,5.6,5.4
2023-05-08,14,42,39,0.6,1.2
2023-05-09,14,41,40,0.8,1.3
2023-05-10,14,38,39,0.7,0.2
2023-05-11,14,39,39,0.2,0.4
2023-05-12,14,38,39,1.4,0.3
2023-05-13,14,36,36,2.7,3.3
2023-05-14,14,39,39,0.3,0.5
2023-05-15,14,39,40,0.5,2.4
2023-05-16,14,40,39,2.4,2.1
2023-05-17,14,41,41,0.1,1.1
2023-05-18,14,40,40,0.1,1.5
2023-05-19,14,40,39,1.5,0.3
2023-05-20,14,38,36,1.3,5.0
2023-05-21,14,39,39,2.0,1.5
2023-05-22,14,40,40,0.5,0.7
2023-05-23,14,39,39,1.7,1.8
2023-05-24,14,40,38,0.8,1.8
2023-05-25,14,36,37,3.8,2.0
2023-05-26,14,36,37,3.0,4.0
2023-05-27,14,38,39,3.0,4.6
2023-05-28,14,40,41,3.6,1.9
2023-05-29,14,41,39,1.9,2.4
2023-05-30,14,37,34,4.4,6.7
2023-05-31,14,39,36,1.7,2.7
2023-03-01,15,30,30,8.7,3.9
2023-03-02,15,30,30,3.9,4.6
2023-03-03,15,30,30,4.6,6.4
2023-03-04,15,30,30,6.4,5.0
2023-03-05,15,29,29,6.0,6.4
2023-03-06,15,29,29,6.4,7.3
2023-03-07,15,29,29,7.3,6.8
2023-03-08,15,29,29,6.8,5.6
2023-03-09,15,29,30,5.6,4.9
2023-03-10,15,29,29,5.9,4.9
2023-03-11,15,29,29,4.9,5.1
2023-03-12,15,29,29,5.1,5.2
2023-03-13,15,28,28,6.2,8.2
2023-03-14,15,29,29,7.2,7.7
2023-03-15,15,30,30,6.7,7.2
2023-03-16,15,29,29,8.2,9.0
2023-03-17,15,30,31,8.0,7.0
2023-03-18,15,30,30,8.0,8.1
2023-03-19,15,30,29,8.1,8.1
2023-03-20,15,29,29,8.1,5.3
2023-03-21,15,28,28,6.3,7.4
2023-03-22,15,30,31,5.4,7.7
2023-03-23,15,32,33,6.7,6.0
2023-03-24,15,33,33,6.0,7.4
2023-03-25,15,32,31,8.4,8.5
2023-03-26,15,32,32,7.5,6.8
2023-03-27,15,32,32,6.8,5.6
2023-03-28,15,32,33,5.6,5.7
2023-03-29,15,33,34,5.7,4.1
2023-03-30,15,32,33,6.1,6.7
2023-03-31,15,32,33,7.7,4.8
2023-04-01,15,32,32,5.8,6.0
2023-04-02,15,31,33,7.0,4.8
2023-04-03,15,31,33,6.8,6.1
2023-04-04,15,32,31,7.1,5.9
2023-04-05,15,31,31,5.9,4.3
2023-04-06,15,32,32,3.3,8.5
2023-04-07,15,33,33,7.5,4.2
2023-04-08,15,34,35,3.2,3.6
2023-04-09,15,32,33,6.6,5.1
2023-04-10,15,32,32,6.1,5.2
2023-04-11,15,33,36,4.2,2.0
2023-04-12,15,32,33,6.0,4.2
2023-04-13,15,32,33,5.2,6.1
2023-04-14,15,33,33,6.1,5.8
2023-04-15,15,34,36,4.8,3.3
2023-04-16,15,34,35,5.3,4.3
2023-04-17,15,35,38,4.3,3.0
2023-04-18,15,34,36,7.0,5.2
2023-04-19,15,35,38,6.2,2.5
2023-04-20,15,35,37,5.5,4.1
2023-04-21,15,35,36,6.1,5.4
2023-04-22,15,35,35,6.4,6.0
2023-04-23,15,35,35,6.0,5.0
2023-04-24,15,34,34,6.0,6.8
2023-04-25,15,37,38,3.8,4.1
2023-04-26,15,40,42,2.1,1.2
2023-04-27,15,41,41,2.2,0.2
2023-04-28,15,43,43,1.8,8.1
2023-04-29,15,41,41,6.1,5.5
2023-04-30,15,35,34,0.5,6.4
2023-05-01,15,35,34,5.4,8.6
2023-05-02,15,39,41,3.6,3.8
2023-05-03,15,39,36,1.8,4.4
2023-05-04,15,39,41,7.4,8.3
2023-05-05,15,33,33,0.3,4.8
2023-05-06,15,34,34,3.8,4.1
2023-05-07,15,35,35,3.1,3.5
2023-05-08,15,36,36,2.5,4.3
2023-05-09,15,39,40,1.3,2.2
2023-05-10,15,38,39,4.2,0.7
2023-05-11,15,42,43,2.3,1.4
2023-05-12,15,42,41,0.4,0.5
2023-05-13,15,35,35,5.5,5.7
2023-05-14,15,41,41,0.3,0.7
2023-05-15,15,42,40,1.7,0.8
2023-05-16,15,42,41,2.8,0.8
2023-05-17,15,41,42,0.8,4.1
2023-05-18,15,42,40,4.1,4.9
2023-05-19,15,41,40,5.9,1.1
2023-05-20,15,36,37,2.9,2.5
2023-05-21,15,38,37,1.5,2.3
2023-05-22,15,41,39,1.7,1.9
2023-05-23,15,40,40,2.9,2.8
2023-05-24,15,39,40,1.8,2.3
2023-05-25,15,39,39,1.3,2.4
2023-05-26,15,38,39,1.4,0.9
2023-05-27,15,39,39,0.9,0.2
2023-05-28,15,40,40,0.8,0.7
2023-05-29,15,39,40,1.7,0.6
2023-05-30,15,40,39,0.6,0.2
2023-05-31,15,39,39,0.2,0.3
2023-03-01,16,28,27,9.2,8.7
2023-03-02,16,28,29,7.7,4.9
2023-03-03,16,29,31,4.9,10.0
2023-03-04,16,25,26,16.0,8.8
2023-03-05,16,27,27,7.8,7.9
2023-03-06,16,28,28,6.9,8.4
2023-03-07,16,29,29,7.4,5.5
2023-03-08,16,29,29,5.5,8.5
2023-03-09,16,27,27,10.5,8.3
2023-03-10,16,28,28,7.3,6.5
2023-03-11,16,29,29,5.5,5.1
2023-03-12,16,29,29,5.1,11.3
2023-03-13,16,29,30,11.3,7.7
2023-03-14,16,31,31,6.7,12.0
2023-03-15,16,32,32,11.0,14.4
2023-03-16,16,31,31,15.4,8.9
2023-03-17,16,32,32,7.9,11.3
2023-03-18,16,31,30,12.3,6.9
2023-03-19,16,29,30,7.9,7.2
2023-03-20,16,30,30,7.2,7.6
2023-03-21,16,33,34,4.6,4.5
2023-03-22,16,33,37,5.5,8.6
2023-03-23,16,35,35,10.6,12.3
2023-03-24,16,35,40,12.3,2.4
2023-03-25,16,34,33,8.4,6.6
2023-03-26,16,33,35,6.6,3.0
2023-03-27,16,33,33,5.0,4.2
2023-03-28,16,32,31,5.2,7.5
2023-03-29,16,33,33,5.5,8.1
2023-03-30,16,34,35,7.1,6.5
2023-03-31,16,34,38,7.5,2.2
2023-04-01,16,34,37,6.2,2.3
2023-04-02,16,33,35,6.3,2.4
2023-04-03,16,32,31,5.4,7.2
2023-04-04,16,30,31,8.2,4.9
2023-04-05,16,31,32,4.9,7.5
2023-04-06,16,31,32,8.5,6.9
2023-04-07,16,32,34,6.9,6.5
2023-04-08,16,31,31,9.5,7.8
2023-04-09,16,32,32,6.8,6.5
2023-04-10,16,31,31,7.5,4.8
2023-04-11,16,28,28,7.8,0.1
2023-04-12,16,35,34,7.1,3.6
2023-04-13,16,35,37,2.6,3.8
2023-04-14,16,36,36,4.8,4.8
2023-04-15,16,35,37,5.8,4.2
2023-04-16,16,36,37,5.2,4.0
2023-04-17,16,36,36,5.0,5.6
2023-04-18,16,36,36,5.6,6.0
2023-04-19,16,38,37,4.0,8.2
2023-04-20,16,37,37,8.2,5.8
2023-04-21,16,37,38,5.8,5.0
2023-04-22,16,37,42,6.0,0.1
2023-04-23,16,35,34,7.1,9.2
2023-04-24,16,33,36,10.2,2.4
2023-04-25,16,36,39,2.4,0.5
2023-04-26,16,38,41,1.5,1.6
2023-04-27,16,40,39,2.6,2.5
2023-04-28,16,40,39,1.5,3.9
2023-04-29,16,40,39,2.9,2.2
2023-04-30,16,38,41,3.2,2.6
2023-05-01,16,38,41,5.6,1.6
2023-05-02,16,41,42,1.6,2.3
2023-05-03,16,41,42,1.3,1.0
2023-05-04,16,40,40,3.0,0.4
2023-05-05,16,42,41,2.4,1.4
2023-05-06,16,43,42,0.6,0.0
2023-05-07,16,41,40,1.0,2.9
2023-05-08,16,39,39,3.9,0.5
2023-05-09,16,42,41,2.5,1.6
2023-05-10,16,42,40,0.6,2.9
2023-05-11,16,44,43,1.1,2.1
2023-05-12,16,44,43,3.1,1.0
2023-05-13,16,41,40,3.0,1.7
2023-05-14,16,41,43,2.7,0.9
2023-05-15,16,42,41,1.9,1.6
2023-05-16,16,42,41,0.6,0.7
2023-05-17,16,42,42,0.3,1.2
2023-05-18,16,43,41,0.2,6.5
2023-05-19,16,43,41,8.5,1.8
2023-05-20,16,39,40,0.2,1.4
2023-05-21,16,32,33,9.4,8.1
2023-05-22,16,42,41,0.9,1.4
2023-05-23,16,42,44,0.4,3.5
2023-05-24,16,42,41,1.5,1.1
2023-05-25,16,40,41,0.1,0.7
2023-05-26,16,42,41,1.7,4.2
2023-05-27,16,41,40,4.2,1.4
2023-05-28,16,40,39,1.4,3.2
2023-05-29,16,38,39,2.2,4.7
2023-05-30,16,37,36,2.7,1.0
2023-05-31,16,38,38,3.0,3.6
2023-03-01,17,31,30,1.8,3.5
2023-03-02,17,30,30,3.5,6.6
2023-03-03,17,30,30,6.6,6.3
2023-03-04,17,29,30,7.3,2.5
2023-03-05,17,29,29,3.5,5.9
2023-03-06,17,30,32,4.9,1.8
2023-03-07,17,31,32,2.8,2.1
2023-03-08,17,31,29,3.1,2.4
2023-03-09,17,29,31,2.4,2.4
2023-03-10,17,30,32,3.4,1.9
2023-03-11,17,31,32,2.9,1.1
2023-03-12,17,30,32,0.9,2.7
2023-03-13,17,31,32,3.7,4.6
2023-03-14,17,32,33,4.6,3.0
2023-03-15,17,33,35,3.0,2.2
2023-03-16,17,34,33,3.2,3.9
2023-03-17,17,33,32,3.9,4.0
2023-03-18,17,32,32,4.0,3.2
2023-03-19,17,33,32,2.2,4.8
2023-03-20,17,33,35,3.8,3.0
2023-03-21,17,34,34,4.0,4.2
2023-03-22,17,35,37,3.2,4.3
2023-03-23,17,36,36,5.3,3.3
2023-03-24,17,35,38,4.3,2.0
2023-03-25,17,36,38,4.0,0.5
2023-03-26,17,36,34,2.5,5.1
2023-03-27,17,36,38,3.1,0.9
2023-03-28,17,35,36,3.9,2.7
2023-03-29,17,36,34,2.7,6.3
2023-03-30,17,36,34,4.3,5.4
2023-03-31,17,37,40,2.4,0.2
2023-04-01,17,37,35,3.2,5.6
2023-04-02,17,36,35,4.6,2.1
2023-04-03,17,35,35,2.1,1.9
2023-04-04,17,34,35,2.9,3.0
2023-04-05,17,34,35,4.0,2.3
2023-04-06,17,35,34,2.3,5.5
2023-04-07,17,35,35,4.5,0.1
2023-04-08,17,34,35,1.1,3.8
2023-04-09,17,35,35,3.8,3.2
2023-04-10,17,36,37,2.2,2.7
2023-04-11,17,29,31,5.3,0.2
2023-04-12,17,33,33,1.8,3.6
2023-04-13,17,32,34,4.6,4.4
2023-04-14,17,33,32,5.4,7.7
2023-04-15,17,34,35,5.7,3.7
2023-04-16,17,36,36,2.7,6.1
2023-04-17,17,37,37,5.1,5.1
2023-04-18,17,39,41,3.1,0.2
2023-04-19,17,37,38,4.2,4.9
2023-04-20,17,37,37,5.9,8.2
2023-04-21,17,38,37,7.2,5.5
2023-04-22,17,41,38,1.5,0.0
2023-04-23,17,37,36,1.0,4.1
2023-04-24,17,36,36,4.1,5.7
2023-04-25,17,36,35,5.7,5.6
2023-04-26,17,36,35,4.6,7.4
2023-04-27,17,42,43,0.4,2.0
2023-04-28,17,42,42,1.0,1.9
2023-04-29,17,42,43,1.9,0.5
2023-04-30,17,38,37,5.5,5.9
2023-05-01,17,38,37,4.9,5.4
2023-05-02,17,41,41,1.4,0.2
2023-05-03,17,41,41,0.2,0.3
2023-05-04,17,40,40,1.3,2.3
2023-05-05,17,41,41,1.3,1.1
2023-05-06,17,40,40,2.1,4.2
2023-05-07,17,39,38,5.2,6.4
2023-05-08,17,39,38,5.4,3.6
2023-05-09,17,43,43,1.4,1.4
2023-05-10,17,42,43,0.4,2.8
2023-05-11,17,42,43,1.8,0.6
2023-05-12,17,42,42,1.6,1.2
2023-05-13,17,39,38,4.2,5.7
2023-05-14,17,42,42,1.7,0.7
2023-05-15,17,42,42,0.7,0.4
2023-05-16,17,42,41,0.4,2.9
2023-05-17,17,42,42,1.9,0.8
2023-05-18,17,44,43,2.8,4.9
2023-05-19,17,44,44,5.9,2.3
2023-05-20,17,40,39,1.7,5.4
2023-05-21,17,41,40,3.4,2.0
2023-05-22,17,45,44,3.0,0.1
2023-05-23,17,42,43,2.1,1.3
2023-05-24,17,43,41,1.3,0.1
2023-05-25,17,42,44,0.9,2.9
2023-05-26,17,41,40,0.1,3.8
2023-05-27,17,41,40,2.8,4.9
2023-05-28,17,39,40,5.9,2.1
2023-05-29,17,43,40,0.9,3.9
2023-05-30,17,42,39,1.9,0.4
2023-05-31,17,42,40,2.6,1.4
2023-03-01,18,31,30,0.6,0.2
2023-03-02,18,31,31,0.8,1.2
2023-03-03,18,30,31,2.2,0.2
2023-03-04,18,29,30,1.8,0.3
2023-03-05,18,29,29,0.7,3.2
2023-03-06,18,30,30,2.2,2.3
2023-03-07,18,32,34,0.3,1.4
2023-03-08,18,32,32,0.6,1.8
2023-03-09,18,29,30,1.2,0.6
2023-03-10,18,30,31,0.6,0.6
2023-03-11,18,32,32,0.4,2.2
2023-03-12,18,30,29,0.2,3.0
2023-03-13,18,32,33,0.0,1.0
2023-03-14,18,33,33,1.0,2.6
2023-03-15,18,34,33,1.6,0.5
2023-03-16,18,34,33,0.5,1.7
2023-03-17,18,35,35,0.3,1.0
2023-03-18,18,32,32,2.0,2.1
2023-03-19,18,34,34,0.1,1.8
2023-03-20,18,34,34,1.8,2.8
2023-03-21,18,34,35,2.8,1.2
2023-03-22,18,35,37,1.2,1.6
2023-03-23,18,37,39,1.6,1.8
2023-03-24,18,37,36,0.2,0.5
2023-03-25,18,36,35,0.5,0.7
2023-03-26,18,35,36,0.7,0.5
2023-03-27,18,34,34,1.5,2.5
2023-03-28,18,34,35,2.5,2.1
2023-03-29,18,36,34,1.1,3.3
2023-03-30,18,36,35,1.3,3.0
2023-03-31,18,36,37,2.0,0.5
2023-04-01,18,35,37,1.5,0.2
2023-04-02,18,36,37,1.2,2.2
2023-04-03,18,34,34,0.8,1.1
2023-04-04,18,33,33,2.1,1.5
2023-04-05,18,33,34,1.5,1.9
2023-04-06,18,34,35,1.9,1.0
2023-04-07,18,35,35,1.0,0.3
2023-04-08,18,33,35,1.7,0.7
2023-04-09,18,34,35,0.3,0.9
2023-04-10,18,35,43,0.9,9.6
2023-04-11,18,31,33,2.4,1.1
2023-04-12,18,35,37,3.1,0.4
2023-04-13,18,34,34,2.6,3.7
2023-04-14,18,35,34,2.7,3.3
2023-04-15,18,35,39,2.3,0.4
2023-04-16,18,37,44,1.6,5.1
2023-04-17,18,37,37,1.9,2.8
2023-04-18,18,38,38,1.8,1.1
2023-04-19,18,37,40,2.1,1.2
2023-04-20,18,37,39,4.2,0.7
2023-04-21,18,38,38,0.3,1.3
2023-04-22,18,37,40,2.3,2.9
2023-04-23,18,37,37,0.1,0.1
2023-04-24,18,35,38,1.9,0.1
2023-04-25,18,38,39,0.1,0.7
2023-04-26,18,40,40,1.7,1.6
2023-04-27,18,40,40,1.6,0.1
2023-04-28,18,40,41,0.1,0.2
2023-04-29,18,40,40,0.8,0.1
2023-04-30,18,43,42,2.9,3.3
2023-05-01,18,43,42,4.3,3.7
2023-05-02,18,41,41,2.7,3.4
2023-05-03,18,39,40,1.4,1.7
2023-05-04,18,39,40,0.7,0.3
2023-05-05,18,41,44,0.7,3.3
2023-05-06,18,41,43,0.3,0.8
2023-05-07,18,42,41,0.2,2.1
2023-05-08,18,42,39,3.1,1.6
2023-05-09,18,40,39,2.6,1.8
2023-05-10,18,38,40,0.8,2.1
2023-05-11,18,39,40,1.1,0.7
2023-05-12,18,40,38,0.7,2.4
2023-05-13,18,42,41,1.6,2.2
2023-05-14,18,41,42,2.2,1.4
2023-05-15,18,41,40,0.4,1.1
2023-05-16,18,42,41,0.9,0.0
2023-05-17,18,42,42,1.0,3.9
2023-05-18,18,40,39,1.9,1.4
2023-05-19,18,40,41,2.4,1.6
2023-05-20,18,39,37,0.4,3.2
2023-05-21,18,40,40,0.2,0.8
2023-05-22,18,40,40,0.8,0.4
2023-05-23,18,40,40,0.4,1.8
2023-05-24,18,40,38,1.8,0.7
2023-05-25,18,39,38,0.3,0.3
2023-05-26,18,37,37,1.3,2.6
2023-05-27,18,39,39,0.6,1.6
2023-05-28,18,41,41,0.4,3.6
2023-05-29,18,39,39,1.6,1.3
2023-05-30,18,36,34,4.3,6.9
2023-05-31,18,37,37,3.9,1.2
2023-03-01,19,30,31,2.8,3.9
2023-03-02,19,30,30,4.9,1.7
2023-03-03,19,29,29,2.7,1.9
2023-03-04,19,29,30,1.9,0.3
2023-03-05,19,29,31,0.7,1.6
2023-03-06,19,28,29,1.4,1.2
2023-03-07,19,28,28,2.2,2.9
2023-03-08,19,28,28,2.9,4.3
2023-03-09,19,29,30,3.3,0.9
2023-03-10,19,28,30,2.9,0.3
2023-03-11,19,28,28,2.3,4.7
2023-03-12,19,30,33,2.7,2.2
2023-03-13,19,29,30,1.8,3.4
2023-03-14,19,30,33,3.4,0.5
2023-03-15,19,31,35,1.5,1.8
2023-03-16,19,31,32,2.2,0.8
2023-03-17,19,31,31,1.8,3.8
2023-03-18,19,31,32,3.8,1.3
2023-03-19,19,32,34,1.3,1.9
2023-03-20,19,31,33,1.1,0.7
2023-03-21,19,31,32,2.7,2.1
2023-03-22,19,33,34,1.1,1.5
2023-03-23,19,33,33,2.5,5.0
2023-03-24,19,35,35,3.0,0.5
2023-03-25,19,33,34,2.5,1.8
2023-03-26,19,34,34,1.8,2.7
2023-03-27,19,33,34,3.7,2.5
2023-03-28,19,32,36,4.5,0.5
2023-03-29,19,33,32,2.5,4.3
2023-03-30,19,33,34,3.3,1.8
2023-03-31,19,33,34,2.8,0.4
2023-04-01,19,32,32,2.4,3.5
2023-04-02,19,33,32,2.5,4.6
2023-04-03,19,32,32,4.6,3.2
2023-04-04,19,32,32,3.2,3.5
2023-04-05,19,32,32,3.5,5.1
2023-04-06,19,35,32,2.1,4.9
2023-04-07,19,34,34,2.9,0.7
2023-04-08,19,33,39,1.7,4.9
2023-04-09,19,31,32,3.1,1.9
2023-04-10,19,31,30,2.9,4.9
2023-04-11,19,34,35,0.9,3.0
2023-04-12,19,36,39,2.0,0.7
2023-04-13,19,35,34,3.3,2.3
2023-04-14,19,33,35,3.3,1.3
2023-04-15,19,33,33,3.3,5.6
2023-04-16,19,35,36,3.6,3.0
2023-04-17,19,35,34,4.0,3.8
2023-04-18,19,35,34,2.8,4.8
2023-04-19,19,36,37,2.8,0.8
2023-04-20,19,36,36,1.8,3.1
2023-04-21,19,35,36,4.1,3.4
2023-04-22,19,35,33,4.4,6.1
2023-04-23,19,34,35,5.1,0.7
2023-04-24,19,33,34,2.7,4.5
2023-04-25,19,33,35,5.5,3.2
2023-04-26,19,34,36,4.2,3.5
2023-04-27,19,38,40,1.5,0.2
2023-04-28,19,40,41,0.2,2.1
2023-04-29,19,38,40,0.9,1.1
2023-04-30,19,38,35,0.9,5.8
2023-05-01,19,38,35,2.8,3.1
2023-05-02,19,39,40,0.9,0.1
2023-05-03,19,41,41,1.1,0.5
2023-05-04,19,41,42,0.5,2.7
2023-05-05,19,40,42,0.7,2.5
2023-05-06,19,40,38,0.5,1.0
2023-05-07,19,40,34,1.0,5.0
2023-05-08,19,41,43,2.0,4.8
2023-05-09,19,40,41,1.8,0.7
2023-05-10,19,39,40,1.3,0.3
2023-05-11,19,40,39,0.3,0.3
2023-05-12,19,39,41,0.3,1.9
2023-05-13,19,40,34,0.9,5.1
2023-05-14,19,38,37,1.1,2.7
2023-05-15,19,40,41,0.3,1.3
2023-05-16,19,40,39,0.3,0.2
2023-05-17,19,40,39,0.8,2.4
2023-05-18,19,39,38,2.4,1.9
2023-05-19,19,41,41,1.1,1.3
2023-05-20,19,40,40,0.3,1.1
2023-05-21,19,39,38,0.1,2.4
2023-05-22,19,40,42,0.4,1.7
2023-05-23,19,40,42,0.3,0.2
2023-05-24,19,40,39,1.8,3.4
2023-05-25,19,40,39,2.4,0.0
2023-05-26,19,35,38,4.0,2.7
2023-05-27,19,38,40,2.7,2.3
2023-05-28,19,41,42,3.3,3.1
2023-05-29,19,41,39,2.1,0.7
2023-05-30,19,29,28,9.3,13.0
2023-05-31,19,35,33,6.0,7.3
2023-03-01,20,26,26,2.5,1.6
2023-03-02,20,26,26,1.6,0.5
2023-03-03,20,27,27,1.5,3.0
2023-03-04,20,26,26,2.0,1.0
2023-03-05,20,25,25,0.0,0.9
2023-03-06,20,27,26,2.9,0.6
2023-03-07,20,28,28,2.6,1.9
2023-03-08,20,28,29,1.9,4.9
2023-03-09,20,26,26,1.9,1.5
2023-03-10,20,27,27,2.5,0.6
2023-03-11,20,28,28,1.6,8.4
2023-03-12,20,26,26,6.4,0.1
2023-03-13,20,28,28,1.9,1.5
2023-03-14,20,29,29,2.5,2.4
2023-03-15,20,30,30,3.4,6.9
2023-03-16,20,29,29,5.9,1.0
2023-03-17,20,30,30,2.0,2.9
2023-03-18,20,29,29,1.9,1.8
2023-03-19,20,30,30,2.8,2.4
2023-03-20,20,30,29,2.4,0.2
2023-03-21,20,32,32,3.2,2.7
2023-03-22,20,32,33,2.7,3.5
2023-03-23,20,33,34,3.5,4.5
2023-03-24,20,33,35,3.5,5.0
2023-03-25,20,32,33,2.0,4.1
2023-03-26,20,32,34,3.1,5.4
2023-03-27,20,31,31,2.4,2.5
2023-03-28,20,30,31,1.5,1.5
2023-03-29,20,32,31,2.5,2.2
2023-03-30,20,32,31,3.2,0.2
2023-03-31,20,32,36,0.8,6.5
2023-04-01,20,34,34,4.5,4.2
2023-04-02,20,32,33,2.2,12.3
2023-04-03,20,31,30,10.3,2.5
2023-04-04,20,30,31,2.5,2.3
2023-04-05,20,30,30,1.3,1.1
2023-04-06,20,30,31,1.1,3.5
2023-04-07,20,31,32,3.5,6.5
2023-04-08,20,30,30,4.5,1.9
2023-04-09,20,31,31,2.9,2.9
2023-04-10,20,31,34,2.9,10.5
2023-04-11,20,28,30,4.5,9.8
2023-04-12,20,30,31,9.8,6.7
2023-04-13,20,33,31,8.7,0.3
2023-04-14,20,33,34,2.3,1.5
2023-04-15,20,33,37,0.5,5.0
2023-04-16,20,35,36,3.0,4.0
2023-04-17,20,34,34,2.0,1.8
2023-04-18,20,34,37,1.8,4.0
2023-04-19,20,36,39,3.0,5.3
2023-04-20,20,35,37,1.3,5.3
2023-04-21,20,35,34,3.3,1.2
2023-04-22,20,35,38,2.2,9.6
2023-04-23,20,33,34,4.6,6.6
2023-04-24,20,32,34,4.6,4.3
2023-04-25,20,33,35,3.3,5.4
2023-04-26,20,33,36,3.4,5.7
2023-04-27,20,32,33,1.7,2.9
2023-04-28,20,32,33,1.9,1.1
2023-04-29,20,32,33,0.1,1.4
2023-04-30,20,36,37,4.4,6.6
2023-05-01,20,36,37,5.6,7.5
2023-05-02,20,32,32,2.5,4.2
2023-05-03,20,31,32,3.2,1.3
2023-05-04,20,31,32,0.3,0.0
2023-05-05,20,36,38,4.0,5.0
2023-05-06,20,35,35,2.0,0.5
2023-05-07,20,33,32,2.5,1.1
2023-05-08,20,39,35,8.1,6.6
2023-05-09,20,33,34,4.6,5.7
2023-05-10,20,34,35,5.7,11.9
2023-05-11,20,32,33,8.9,1.2
2023-05-12,20,32,32,0.2,1.7
2023-05-13,20,33,32,0.7,3.3
2023-05-14,20,30,30,5.3,3.5
2023-05-15,20,30,31,3.5,0.5
2023-05-16,20,32,32,1.5,0.2
2023-05-17,20,35,34,3.2,0.3
2023-05-18,20,37,38,2.7,8.9
2023-05-19,20,37,36,7.9,1.0
2023-05-20,20,34,36,1.0,1.4
2023-05-21,20,36,36,1.4,4.3
2023-05-22,20,37,36,5.3,3.2
2023-05-23,20,35,35,2.2,2.9
2023-05-24,20,36,36,3.9,4.4
2023-05-25,20,33,33,1.4,3.4
2023-05-26,20,32,32,2.4,0.9
2023-05-27,20,32,32,0.9,0.5
2023-05-28,20,36,36,4.5,6.5
2023-05-29,20,32,30,2.5,1.6
2023-05-30,20,30,30,1.6,1.3
2023-05-31,20,28,28,0.7,0.3
2023-03-01,21,25,25,1.2,3.3
2023-03-02,21,25,25,3.3,3.6
2023-03-03,21,26,26,2.6,1.2
2023-03-04,21,24,24,3.2,2.0
2023-03-05,21,25,25,1.0,2.3
2023-03-06,21,26,26,1.3,4.8
2023-03-07,21,27,27,3.8,3.4
2023-03-08,21,28,28,2.4,1.8
2023-03-09,21,25,25,4.8,3.5
2023-03-10,21,26,26,2.5,3.9
2023-03-11,21,27,27,2.9,1.4
2023-03-12,21,25,24,0.6,5.7
2023-03-13,21,27,27,2.7,5.9
2023-03-14,21,28,28,4.9,2.9
2023-03-15,21,29,29,1.9,2.2
2023-03-16,21,28,28,3.2,4.3
2023-03-17,21,30,29,2.3,2.3
2023-03-18,21,28,28,3.3,2.4
2023-03-19,21,28,28,2.4,2.7
2023-03-20,21,29,29,1.7,5.5
2023-03-21,21,31,32,3.5,1.7
2023-03-22,21,31,35,2.7,2.4
2023-03-23,21,32,33,5.4,3.1
2023-03-24,21,32,31,4.1,1.2
2023-03-25,21,31,30,1.2,2.6
2023-03-26,21,30,31,2.6,0.7
2023-03-27,21,30,29,1.7,1.8
2023-03-28,21,29,29,1.8,3.4
2023-03-29,21,31,30,1.4,8.0
2023-03-30,21,31,30,7.0,5.8
2023-03-31,21,31,38,4.8,4.9
2023-04-01,21,32,34,1.1,0.8
2023-04-02,21,31,32,2.2,0.7
2023-04-03,21,29,28,2.3,6.5
2023-04-04,21,28,29,6.5,5.8
2023-04-05,21,29,29,5.8,5.7
2023-04-06,21,29,30,5.7,4.3
2023-04-07,21,30,30,4.3,2.7
2023-04-08,21,29,29,1.7,1.3
2023-04-09,21,30,29,0.3,5.2
2023-04-10,21,30,33,4.2,8.0
2023-04-11,21,26,26,1.0,2.8
2023-04-12,21,29,28,5.8,6.6
2023-04-13,21,30,31,4.6,6.7
2023-04-14,21,32,35,5.7,3.3
2023-04-15,21,32,34,0.3,0.3
2023-04-16,21,33,37,0.7,2.8
2023-04-17,21,33,35,6.8,6.1
2023-04-18,21,32,33,9.1,6.6
2023-04-19,21,33,35,6.6,7.0
2023-04-20,21,36,38,6.0,2.1
2023-04-21,21,38,40,2.1,2.4
2023-04-22,21,33,35,4.6,1.0
2023-04-23,21,32,32,2.0,5.4
2023-04-24,21,31,32,6.4,6.0
2023-04-25,21,30,32,8.0,5.4
2023-04-26,21,29,31,8.4,5.9
2023-04-27,21,37,38,0.1,0.3
2023-04-28,21,37,38,1.3,2.3
2023-04-29,21,37,38,1.3,2.7
2023-04-30,21,33,29,2.3,8.7
2023-05-01,21,33,29,4.7,4.7
2023-05-02,21,37,38,3.3,0.9
2023-05-03,21,36,37,1.1,1.5
2023-05-04,21,38,37,0.5,0.1
2023-05-05,21,39,38,1.9,2.3
2023-05-06,21,37,36,1.3,0.0
2023-05-07,21,36,35,0.0,4.9
2023-05-08,21,35,34,4.9,0.7
2023-05-09,21,38,36,4.7,0.3
2023-05-10,21,34,34,2.3,2.6
2023-05-11,21,36,35,0.6,1.7
2023-05-12,21,36,37,0.7,2.3
2023-05-13,21,36,35,1.3,1.7
2023-05-14,21,37,35,3.7,6.4
2023-05-15,21,38,37,3.4,3.3
2023-05-16,21,39,40,1.3,0.3
2023-05-17,21,41,41,1.3,0.9
2023-05-18,21,42,42,1.9,2.5
2023-05-19,21,42,42,2.5,4.0
2023-05-20,21,36,36,2.0,0.9
2023-05-21,21,36,37,0.9,3.3
2023-05-22,21,36,38,4.3,3.2
2023-05-23,21,40,39,1.2,0.7
2023-05-24,21,40,42,0.3,2.1
2023-05-25,21,40,41,0.1,3.6
2023-05-26,21,40,39,2.6,0.1
2023-05-27,21,40,39,1.1,1.7
2023-05-28,21,39,37,1.7,0.4
2023-05-29,21,40,39,2.6,1.6
2023-05-30,21,38,37,0.6,4.2
2023-05-31,21,37,37,4.2,2.7
2023-03-01,22,27,30,2.3,1.7
2023-03-02,22,27,28,1.3,0.4
2023-03-03,22,26,26,1.6,3.5
2023-03-04,22,25,25,4.5,2.7
2023-03-05,22,25,25,2.7,3.7
2023-03-06,22,27,28,1.7,1.1
2023-03-07,22,29,29,0.1,1.2
2023-03-08,22,29,30,1.2,1.1
2023-03-09,22,26,25,5.1,5.8
2023-03-10,22,27,27,3.8,2.0
2023-03-11,22,29,29,0.0,0.2
2023-03-12,22,27,27,1.8,3.5
2023-03-13,22,28,28,2.5,6.3
2023-03-14,22,30,30,4.3,2.8
2023-03-15,22,31,32,1.8,1.7
2023-03-16,22,32,32,1.7,4.2
2023-03-17,22,32,32,4.2,1.8
2023-03-18,22,31,31,2.8,4.9
2023-03-19,22,33,33,2.9,2.9
2023-03-20,22,34,32,1.9,6.8
2023-03-21,22,34,36,4.8,0.8
2023-03-22,22,35,36,1.8,4.0
2023-03-23,22,35,45,5.0,5.7
2023-03-24,22,36,34,3.3,4.6
2023-03-25,22,35,37,3.6,0.7
2023-03-26,22,34,37,2.3,1.1
2023-03-27,22,32,32,6.1,4.2
2023-03-28,22,33,34,3.2,4.4
2023-03-29,22,34,37,4.4,1.7
2023-03-30,22,34,33,4.7,7.0
2023-03-31,22,35,37,5.0,1.4
2023-04-01,22,35,40,3.4,3.7
2023-04-02,22,33,32,3.3,0.6
2023-04-03,22,32,31,0.6,3.2
2023-04-04,22,32,32,2.2,3.3
2023-04-05,22,33,33,2.3,3.3
2023-04-06,22,33,36,3.3,5.5
2023-04-07,22,30,29,0.5,5.2
2023-04-08,22,30,29,4.2,5.9
2023-04-09,22,32,32,2.9,4.4
2023-04-10,22,33,41,3.4,4.4
2023-04-11,22,30,29,6.6,10.7
2023-04-12,22,36,40,3.7,0.3
2023-04-13,22,36,39,4.3,0.3
2023-04-14,22,36,40,2.7,1.8
2023-04-15,22,37,40,4.8,0.2
2023-04-16,22,36,36,4.2,4.4
2023-04-17,22,37,36,3.4,4.0
2023-04-18,22,36,37,4.0,2.5
2023-04-19,22,37,38,2.5,3.1
2023-04-20,22,37,38,4.1,0.8
2023-04-21,22,37,38,0.2,1.5
2023-04-22,22,36,33,3.5,3.6
2023-04-23,22,33,34,3.6,2.3
2023-04-24,22,34,33,2.3,3.6
2023-04-25,22,25,36,11.6,2.3
2023-04-26,22,36,38,2.3,0.6
2023-04-27,22,38,40,0.6,1.1
2023-04-28,22,39,40,2.1,0.8
2023-04-29,22,38,40,2.8,1.8
2023-04-30,22,41,41,0.8,0.6
2023-05-01,22,41,41,0.6,2.4
2023-05-02,22,40,41,1.4,1.2
2023-05-03,22,40,41,0.2,1.6
2023-05-04,22,41,41,1.6,1.1
2023-05-05,22,40,38,2.1,5.4
2023-05-06,22,41,40,2.4,3.9
2023-05-07,22,42,41,1.9,0.5
2023-05-08,22,40,42,1.5,2.8
2023-05-09,22,40,39,0.8,0.9
2023-05-10,22,38,39,1.9,1.6
2023-05-11,22,38,39,2.6,2.0
2023-05-12,22,39,42,2.0,1.6
2023-05-13,22,42,41,1.6,0.5
2023-05-14,22,41,41,0.5,1.2
2023-05-15,22,42,41,0.2,1.8
2023-05-16,22,41,43,1.8,0.4
2023-05-17,22,43,45,0.4,0.9
2023-05-18,22,42,42,2.1,0.0
2023-05-19,22,42,45,0.0,4.1
2023-05-20,22,44,43,3.1,2.0
2023-05-21,22,42,40,3.0,3.3
2023-05-22,22,43,44,0.3,3.6
2023-05-23,22,43,41,2.6,0.8
2023-05-24,22,40,39,1.8,1.8
2023-05-25,22,41,40,0.2,2.7
2023-05-26,22,36,35,1.3,3.5
2023-05-27,22,37,38,1.5,0.7
2023-05-28,22,38,40,0.7,2.0
2023-05-29,22,37,41,1.0,1.3
2023-05-30,22,41,42,1.3,0.1
2023-05-31,22,39,41,3.1,0.7
2023-03-01,23,29,30,1.4,3.8
2023-03-02,23,30,30,3.8,1.4
2023-03-03,23,30,30,1.4,0.7
2023-03-04,23,29,30,0.3,0.5
2023-03-05,23,30,30,0.5,1.2
2023-03-06,23,30,30,1.2,3.9
2023-03-07,23,30,31,3.9,0.3
2023-03-08,23,30,29,0.7,3.5
2023-03-09,23,30,30,2.5,1.5
2023-03-10,23,30,30,1.5,4.0
2023-03-11,23,30,30,4.0,1.9
2023-03-12,23,29,31,2.9,2.7
2023-03-13,23,30,30,3.7,5.5
2023-03-14,23,31,32,4.5,1.4
2023-03-15,23,32,33,1.4,0.8
2023-03-16,23,31,31,2.8,2.1
2023-03-17,23,31,30,2.1,3.4
2023-03-18,23,30,30,3.4,3.2
2023-03-19,23,29,29,4.2,6.3
2023-03-20,23,29,30,6.3,6.8
2023-03-21,23,32,30,4.8,7.0
2023-03-22,23,32,35,5.0,0.7
2023-03-23,23,33,32,1.3,5.7
2023-03-24,23,33,32,4.7,8.6
2023-03-25,23,32,32,8.6,3.5
2023-03-26,23,32,31,3.5,8.5
2023-03-27,23,32,31,7.5,4.1
2023-03-28,23,32,31,3.1,5.0
2023-03-29,23,32,32,4.0,5.2
2023-03-30,23,33,32,4.2,7.7
2023-03-31,23,32,34,7.7,3.4
2023-04-01,23,32,34,5.4,1.8
2023-04-02,23,32,31,3.8,3.8
2023-04-03,23,30,31,4.8,0.7
2023-04-04,23,29,30,2.7,3.7
2023-04-05,23,30,29,3.7,5.8
2023-04-06,23,31,32,3.8,6.1
2023-04-07,23,32,33,6.1,5.0
2023-04-08,23,31,31,7.0,3.4
2023-04-09,23,32,32,2.4,1.9
2023-04-10,23,30,32,0.1,2.3
2023-04-11,23,30,30,0.3,6.5
2023-04-12,23,33,34,3.5,3.9
2023-04-13,23,33,34,4.9,7.8
2023-04-14,23,34,33,7.8,9.9
2023-04-15,23,34,35,8.9,4.7
2023-04-16,23,34,35,5.7,5.9
2023-04-17,23,34,34,6.9,4.6
2023-04-18,23,34,36,4.6,2.0
2023-04-19,23,34,33,4.0,10.8
2023-04-20,23,34,37,9.8,6.7
2023-04-21,23,35,39,8.7,1.3
2023-04-22,23,35,35,5.3,2.0
2023-04-23,23,34,32,3.0,3.3
2023-04-24,23,32,33,3.3,3.3
2023-04-25,23,33,35,3.3,1.0
2023-04-26,23,34,36,2.0,6.2
2023-04-27,23,37,36,5.2,3.1
2023-04-28,23,42,42,2.9,4.6
2023-04-29,23,37,36,9.6,6.2
2023-04-30,23,33,34,9.2,2.8
2023-05-01,23,33,34,3.8,2.4
2023-05-02,23,38,40,6.4,5.1
2023-05-03,23,35,39,0.1,0.8
2023-05-04,23,38,40,1.8,3.1
2023-05-05,23,35,38,8.1,4.3
2023-05-06,23,35,36,7.3,3.1
2023-05-07,23,35,34,4.1,7.2
2023-05-08,23,39,38,2.2,1.5
2023-05-09,23,40,41,0.5,1.9
2023-05-10,23,40,44,0.9,9.6
2023-05-11,23,40,44,5.6,4.2
2023-05-12,23,36,37,3.8,7.6
2023-05-13,23,35,34,9.6,5.2
2023-05-14,23,40,41,0.8,2.1
2023-05-15,23,40,40,3.1,1.3
2023-05-16,23,44,45,2.7,2.9
2023-05-17,23,42,42,0.1,1.0
2023-05-18,23,42,41,1.0,2.1
2023-05-19,23,41,42,2.1,2.8
2023-05-20,23,40,41,0.8,1.2
2023-05-21,23,40,39,2.2,4.5
2023-05-22,23,42,41,1.5,7.7
2023-05-23,23,42,41,6.7,0.8
2023-05-24,23,43,42,1.2,3.9
2023-05-25,23,42,41,3.9,1.7
2023-05-26,23,39,38,0.3,0.9
2023-05-27,23,40,39,1.1,2.0
2023-05-28,23,41,40,0.0,1.2
2023-05-29,23,39,40,0.2,0.2
2023-05-30,23,38,37,1.8,5.6
2023-05-31,23,37,39,5.6,3.2
